nodo_id,comunidad
autor:UC6YSZqL0vEcI-niPKIMUGfw,1
autor:UCUIIIPTVDVHAXqhC_5V6lPA,1
autor:UCj-LL25XJnjxepPKCc3NGog,1
autor:UCtUR3_CAiE7fCoZHM6cMfyQ,1
autor:UCNBnKqWf4d-rS4HwJRQljmQ,1
autor:UCErZPJpHmLCsXs8ZWkAUupQ,1
autor:UCQ_-LPP8JAbfkc-b1Q6NvWw,1
autor:UC8G5cJONY8L9voMyBW8Eoug,1
autor:UCRelkU8JiZBytTzebJxaa-w,1
autor:UC5H8ASmMC9WrURmzeB4ySog,1
autor:UCAmtbUiIrUIhikru0ZoTFig,1
autor:UCr1emrogPKkKTs_WTtx71xg,1
autor:UCOh6DaZC_x9HASnlRylEMfw,1
autor:UCSou6a2OuYGSvPjm5psquyA,1
autor:UCzoL2l5H5eVlorWGH8AZfAg,1
autor:UCV0iizTBoOfdAFX_thfI9BA,1
autor:UCOLGv5Pf6BF2wFcwUzgcvHg,1
autor:UCsjs5Hp_r86x1xbK6FAeqaA,1
autor:UC4wq3DcbfaG6dtCqn8Oyu3w,1
autor:UCwha8rxULYMVtNwZWeSkE1A,1
autor:UCl0ekS9Tt0jJGtOEM18S63w,1
autor:UCFxE8GbokBrBsPEKM1xrOjQ,1
autor:UCXSkL3ejZ8qWYyF_M7s_QKA,1
autor:UCwW2OFy95P7ZBkOPxWkpvYg,1
autor:UC3MYTqpQqlWBuCB7Th0e0PA,1
autor:UCA93ym2TXs_Ibyxb4Vcn-6Q,1
autor:UCFUuDARXdmmIrLppEqf-rFg,1
autor:UCpl8rF8uv_8uui-QRvuJaRA,1
autor:UC-pNP6RMFuLg_-x7Ah_0kEA,1
autor:UCZ51R_9Q9C0c8I3pAWhtmjQ,1
autor:UCRETAiYdh2dL5ZxB0_N1zDA,1
autor:UCsJJAvrVGupdmhOqgtDp8dg,1
autor:UCL13XhnRzbGokEkCkEOb0-g,1
autor:UCTP3O0rMnc8z8v8jaDQwL0w,1
autor:UCp4iw5_5SmV9VGTFSNVGOmQ,1
autor:UCDUffaruH6dyUnUGwsTKpgg,1
autor:UCut6b9S98nv84cVX89PmKzA,1
autor:UCN6qbfPSzFtjhqUDZ3Cv3CQ,1
autor:UCvApqeCbLod-wejtT4CcVuA,1
autor:UCsUCN0Yq_UyTvKjOJLmNrnQ,1
autor:UCDIMztpVm7G27qBuiWuT6oQ,1
autor:UCZLG9qH0tUjNhEGFIUt0CYw,1
autor:UCDPWkUX3sNNaCx-m1dV4glA,1
autor:UChs3tU2BcKOT0CezykvAsGw,1
autor:UCYN4wSQ1Sx4_LurxLlW7MPg,1
autor:UCrJn_rbo_ENAdeqneS-RmRw,1
autor:UC-hfX8J5JPJ-dfuakzegMLA,1
autor:UCueV9cTyTDwgQSec1x2dYgA,1
autor:UC3XTwHxygNCgjndsg-UiCQA,1
autor:UChgkn5Jt5tWKYMoEOuCjz3Q,1
autor:UCEgEQmRbtL5fwr9_DqAC--g,1
autor:UC9xr9QvIcDvoZNUX5f-jaZw,1
autor:UCRlCV9zSn7avAWh-9_XFWqQ,1
autor:UCmvOgzmmXbjUthHy-WJ52hQ,1
autor:UCThW2XNsAaBKme5PUt7n-Zg,1
autor:UC8F2V63KZ4ZEay6opX2hAQw,1
autor:UCFoIAE8k82D6AV-8gjjKaNg,1
autor:UCiMythXHsw7eQEMykCdmMUA,1
autor:UCFjudnPLoaSL1BaRuLahyHg,1
autor:UC3NMzdMYryaw82kPTnsaljg,1
autor:UC3qn1yJA5PeW9rkGPatQxiw,1
autor:UCz3gu01bmjNv0DpRq-K3XYg,1
autor:UCkd9W714-947dEE6ZOEBATA,1
autor:UCi1b_TRQfgO1Z9O2gNGGWNA,1
autor:UCDlr1VadSucIZgZ171pRBjQ,1
autor:UCGzXwyCzMzGmjmCbH3Hg01Q,1
autor:UCTwSut16JyAg3mX6LVUNGqA,1
autor:UCFhxtoeARHPnXXPcDrOU3Xg,1
autor:UCKDR0f2fu2UzWL8mBv5-BHw,1
autor:UCXXh7yg5KUFIWylTiKVEFKQ,1
autor:UCfM3nrxtTQMY5jFx1v1J4Gg,1
autor:UC7VUuJr9cGh845CmTvf7TlQ,1
autor:UCjmPuazZJzscrwvk0QR9RVw,1
autor:UCtNfIBnc5S5DbbQj_yxgJTw,1
autor:UC72gBAtyb_VXQlYDcFrh6oQ,1
autor:UC-jS_kA9w-OmpupXDx156Rg,1
autor:UCmjppp6ujz3SAnULvP3sZMw,1
autor:UCzSfZlOVxBSs5ObD25ywxDQ,1
autor:UCYwpX26TrCxq8TvbKGRYLXA,1
autor:UCTylKrsqkrBKIqubMu_5N0Q,1
autor:UCwO2SXr0ggzwg6QWWrr01nQ,1
autor:UCHTGCgY2l-DQJIvlA_cpa_Q,1
autor:UCB5p8a5gklc80jJItP6xTHg,1
autor:UCXgr7vXlRrsaskPdo097kGA,1
autor:UCQqetiwzzmRNTM5OWuXarGQ,1
autor:UCL1MT278vSaQ83ZDkVWn1gw,1
autor:UCh5ESQvtzyHDhCA7XyekCFA,1
autor:UCjSKM9j0Q7HLDr1hD6D-TUw,1
autor:UCNkcuy42zEwddwEcOd_HpnA,1
autor:UCOS8ViEkccrTZx2w2ccxotA,1
autor:UCujPF2nBgsTD62nWE3lcpIg,1
autor:UCsSXdJct-nsS8DsABoEsaYA,1
autor:UC4cXueR2bKGFJV0Fk76gwmA,1
autor:UCpIdtvoFHVLGASGB5ySqIEA,1
autor:UChZknRmJkeGeQk0-mQuhDOg,1
autor:UCDQaQv0hr2SS_PO-CMEwVHg,1
autor:UC2weSE8rpqkGMOp6StYtVfg,1
autor:UCQtSFINs1h6GHkpg9o5kMvg,1
autor:UCcfdg8crmMJwEuLUsAhV7yg,1
autor:UCiGRBf2RNF0WRKhRVT7zFoA,1
autor:UCQgYjVngJRfPHDLGB5X6ZjA,1
autor:UCWIZUtKJ636y-4TYrNvok0g,1
autor:UCTD6q1nyIe3Y7HhqjaMj72w,1
autor:UC3E9mAgP7VoAE5mZoAexl5g,1
autor:UC9vMq1YF-e7C-VO0SHkbUTA,1
autor:UC2Y_EHWQKevubk4vOEBBFxw,1
autor:UC5bG9nc_JV3FsNP2KseQiYw,1
autor:UCLggDc_a5HriXv7I1h02sOA,1
autor:UCLFdHr9BEbXHkoJopbEPLZw,1
autor:UC8r11yOugM2NuRfitQOxLLg,1
autor:UCplrIQtaPj6au60_f2-mOYw,1
autor:UCCaYwkkbQGcvFoUmothVdQQ,1
autor:UCxff05WuyvwELNITi7bj7UA,1
autor:UCySYJU5kUh7X8gVt9la2ISA,1
autor:UC1vr9aaMI2crB0NvwFHUeoQ,1
autor:UCHhHUjaMAZ8SiXdCUCj9DkQ,1
autor:UC6PvO1_k5lHKGdAPo5_C6TA,1
autor:UCDftMWXQoJ6nONfY7GVOVjg,1
autor:UCXr8_5WtGeipe4haOoQDgyQ,1
autor:UC650pRT-OYzny3GwOH8Cgfw,1
autor:UCQtICyzWmhC5woCtbNgaSmg,1
autor:UCAlzM_N6xBlMYmM8EBzX86Q,1
autor:UCljDbleJul41G1TzOjOZAVA,1
autor:UCgvw7xIdGFupzpt1Y_BFkEA,1
autor:UCipetjeiWj4CZB6EbyYziZg,1
autor:UChep9kVb5gQmpodEEl10Xlg,1
autor:UCeQk-WfEA-cJRq4EKeE7TOw,2
autor:UCWaRixDdpgllTBf4V0jPnKQ,2
autor:UC3YpzAr7pcdKC7BVFEpYzog,2
autor:UCPZueDLrCS4BmTBRMA4q0fA,2
autor:UC-Iul5tDYH_oiAMXQH-KaaQ,2
autor:UCjZgFEowMBrsjodqfovzdKw,2
autor:UCwCfs-2zbD5k0lG-UVg_JBw,2
autor:UCRfkkatKrNtAARnXMMYBGlA,2
autor:UC63tFvbQ_hJhGDi2nbjssjw,2
autor:UCLXYp1Cvc5DLtq5UQL5D9vw,2
autor:UCp29O_C7cchZV8IxV7Crdag,2
autor:UChyps3dqY-VY1_wLeq-2lhw,2
autor:UC1NiEdJ7gk6FlDexIalWnGg,2
autor:UCg3eIfd7BrsLEqS0BLkftHA,2
autor:UCV3fr-YOixFKCZBbJP1-X4w,2
autor:UCN2N_wYOw6fMwCeSzdXLPIw,2
autor:UC14qlobYKqD-DO0j6b75lcA,2
autor:UC8xlJWNHz1V_W6q3fbuQH8g,2
autor:UCWvntqPQx99k_Z_skWKqNSA,2
autor:UCusjriFsDHEc2AOjqk-p5ig,2
autor:UCAxvOOHQk7dYPOajzFEVtbA,2
autor:UCa36MjQLoPAmgJo-R3G8WQA,2
autor:UCzZ6dDCEsLMXbc5pCFXIprw,2
autor:UCbYoNG5J3Au5BqtbXogfEFw,2
autor:UC1Y7x3h0c95Z8kUhi-Tzaeg,2
autor:UCwxoKK59nGCeBqB2sXfDBIw,2
autor:UCGX_UbAQOXGZknv5iqklwTA,2
autor:UCf5lnNZF7Qrtli9v4N_23WQ,2
autor:UCtNyHmRZtvGF2hSvI2dUBWw,2
autor:UCNIeXbV_mEwpa412h1aqUWw,2
autor:UCvDwJBBY1mHK70aTEYl6rsA,2
autor:UCuP4UK33HKtJE_S39ksmaTw,2
autor:UCIXLDYqR_syskKRJy_x9W9Q,2
autor:UCiOZX__1gahg1ypIj0_XG_w,2
autor:UC2ngpd8UBQu4gcUYy0goAtg,2
autor:UC0HvfEWozTHbwl_iEmJNvVA,2
autor:UC-HeUTT6_g-VoiWds2a4H-w,2
autor:UC_3xuTXvMIWU5MYP9HkJ3vQ,2
autor:UCFybmWapGvBKcQod7cPPH9w,2
autor:UCVQf0tzL7xRzFJsABVVULpg,2
autor:UCAV7QIjYhbDJaycQycM_0eQ,2
autor:UCoGdCoJg2Lh0OX_jv6cG16g,2
autor:UCaT4saRcyqCLE657Rq2hhZQ,2
autor:UCfXykdbSU97rj987LDUGfvg,2
autor:UCZFQwqh90apuL8eFhvRBkUg,2
autor:UClsrFGJKWPxxw7MiaEdKLXw,2
autor:UC7IMsCxfZyWN7YQo8-JYa6Q,2
autor:UCfjhejO7LZy4doXURa7LZCQ,2
autor:UCfo_yUPzy1f1POwwZxhZ06Q,2
autor:UCtsxPYw8VUsH_FfnKg-0lmw,2
autor:UCEHXl4VvvVpq-_4xC5tsbhg,2
autor:UCvl1tzQeBeGy6efPTRJXSCw,2
autor:UCgGqw4aqMdMVSGkKiMgrJRQ,2
autor:UCtCtts20bW6F9CSohau51Iw,2
autor:UCq3mDTTRZnUybct5M9OSXbg,2
autor:UCheEJ5GZuIvV0fj-nXyVwXw,2
autor:UCXN2s7DwTJm33xO-pNkAdaA,2
autor:UCgQJgI9vu1FI2dnC9mrFthw,2
autor:UCql1n3Ey6ULMSOACjMe-fxQ,2
autor:UCyJhqmMbsvjpoarBBStA2kg,2
autor:UCO0zwwLWGyDgQmWPJ5Qrr1w,2
autor:UCWoAVGVqCn4xtINCMOTM4jg,3
autor:UCDrmf9y9nLgFY5wnA2hTuGA,3
autor:UCylqlpsh8ENNM1LqgQ1KbxA,3
autor:UCQyOePccUP-fIJYzchAgZYw,3
autor:UC3UVO7pTbeYvZ3ILEyRDskQ,3
autor:UCpe5jW3MIqkgTJ-PgkzvM6Q,3
autor:UCBtB5dIyx-C16UN8ClUD2UA,3
autor:UC4kg7zuTfqQKLd2bkZrSYBA,3
autor:UColMq7LmaoY3MT6aIDGrGvA,3
autor:UCiC-Jn7wdgyQV4_Urk0DkWQ,3
autor:UC5hvEnRUzI4Kfvwnyi4QxqQ,3
autor:UCk4O-J1BhoqPmig1KLGJePA,3
autor:UCsGoJEvb-cFPZ2rWoJcXzEQ,3
autor:UC95PSMouTx2N5CbSq0hIyrQ,3
autor:UC1DpqK6vaPEkBOMNvypsKYg,3
autor:UCRAquv8el-tQ30bN7MlmySQ,3
autor:UClqA491Xa5fQcXcJJa-vTWw,3
autor:UCgJNFj5dnxXpcMvmuhZDPxA,3
autor:UCkbsS_3D-pvg1iHOld9uvIg,3
autor:UC6Uj1FT5JjDSF8vudvDxPAA,3
autor:UCRvPToDkkumha7WJAfCDk1A,3
autor:UCu8_3-Wg-YzNyvHYQDEscfw,3
autor:UCdFlugHJJa4l3YqWuNRmvXw,3
autor:UC_LYoGs5C3mbZKZuKuqYCvw,3
autor:UCqCrvuoJpC-aVb0f4logQRQ,3
autor:UCZeIIQrGAedW8tCbKWmGY-A,3
autor:UClhMWQ7XKWywYvbRnuf8QsA,3
autor:UCOcUI5XkTYNMSFhZNMIPpGg,3
autor:UCgQw_Sbq3ugruDUKsq1e0-A,3
autor:UCaKAjTW9MVub_clgr4DRYjQ,3
autor:UC32oozucwCF3q8d4m8fyOUg,3
autor:UC-fiZBS5Gp1eCJd9ucgWnCg,3
autor:UCCBYcToQ2dwkd6TJh0FSyDg,3
autor:UCwjUvRseNtJoItylIyIez7Q,3
autor:UCQqlPPUGqAfWjd-FSh_qn7Q,3
autor:UCLh1Kde4_vI1sTZBkTNP7RQ,3
autor:UCFFrEmn6lPYiWyElpfzTy5Q,3
autor:UCkVtmkK07b2zaVVNssX4lOg,3
autor:UCe8JZoYkX5oKUZyivHYdXhw,3
autor:UCNpt5CQlTzNjlAKY6CJtClQ,3
autor:UCHbwIx9pmQuf7i-4_xO2EpA,3
autor:UCwgCc9Jd_gG-uLE_SY-FfPg,3
autor:UCW-JC6lebVmf2P1dmY_L94g,3
autor:UCW80DaMjQlEUibC98Cot-Dg,3
autor:UCpsKOkt5iWTbenzeuq7dsmQ,3
autor:UCAKuKvcbfnBD3kF5njNu-IA,3
autor:UCUoYsrx1oZnCZ0usbBJn4fA,3
autor:UC7dadZG7kkGYnsNu6td0FbA,3
autor:UCeDNEtI8_a42bZ47wJiJMwQ,3
autor:UCfRqgt2O-vjzUDMZY_tnxQw,3
autor:UCGGHbtfbbe0o68etrOf0qxw,3
autor:UC816IGbFCZinfYS1LRDaaHg,3
autor:UC4Avya4kmR4Q0FrfFdBozSQ,3
autor:UCuXmOjxC-htcprLgeVXz6Tg,3
autor:UCV0lM03g5fg5pbPj97-sAtA,3
autor:UCbrtvygfRT6QXqWDNrOf-cA,4
autor:UCOARn3hnfkB7-_Rwa8Hoqcw,4
autor:UC_6KbBY1bsYXz9fwFS0eQRg,4
autor:UCZIQnb1fkwe39Iw2TAu-bGA,4
autor:UCGj2v6Gl5bN8NSrzJMXS-CA,4
autor:UCc_F88PzGWtA1OPNUEASulA,4
autor:UCXVLc8CmAO813ubM-fLvCDw,4
autor:UCvcu1kR8xMYy_I1Ty-2mV2Q,4
autor:UCXl30Y_upRqbti52fmjK4YA,4
autor:UC5wuDq3U3vRAhOQI3D7gNdw,4
autor:UCCUmP4PlbwgikVFpYwbtRTg,4
autor:UCTTILH6QCIxbTnEWxwRqs1g,4
autor:UCxcoDvP-g2_KTZDmVZtvb3w,4
autor:UCwEe1RKlEv1UpNWmWYfSh4w,4
autor:UCXO1BBohNWXkK9SBDAG2ySg,4
autor:UCjJf-AJKRFFWtiN-CSwkDmA,4
autor:UCZOmq6MwFDVoCaEl99BRRaw,4
autor:UCJp3OrVYcBorC94sKwdch_A,4
autor:UCnU8wO1OurAmGstDw6VGjgQ,4
autor:UCyW68EGZey4ao_Vf2cR5Ztg,4
autor:UChT7pzGytNd92Nmvi-zuWog,4
autor:UCdQAuWwyC99MB7Y02Umj26Q,4
autor:UCefAH1MbvADWUjE9WVcB9EQ,4
autor:UCkxdJ_yGN2gghOMo2ybQtXQ,4
autor:UCOY3XpD9qMCRSA8AA8c4CAw,4
autor:UCVhif9eV0f8plICen2DnpKA,4
autor:UCcFIBN-rtC3d3hXeuN5TfWw,4
autor:UCVC2QugcI1G4RvlCiUqd1aQ,4
autor:UCtMBF_1O2jY2INlb_luuB_A,5
autor:UCSTAUWVc1_82DHYeqOsqEFA,5
autor:UC5fvhAfm89JH8eDFdvc0xYw,5
autor:UCyzf29IYjNw67gGIfsjgtxA,5
autor:UC5PyGvSfFM--OVKmQ3COu6g,5
autor:UCIp19h9igblA2YKfSLPDAug,5
autor:UC0RpuMwkDKJYqgKHtsJRuWQ,5
autor:UC0aEyakBPqcBkVJiErfSupQ,5
autor:UCgLurCo-e019HGODcjXHWCw,5
autor:UCRcSR3Lvn9DZAmJpVPANfZQ,5
autor:UCxKR3RA8T-kxMgq_2WWhRcQ,5
autor:UCXmrpc6Li0spcKxtS0Q_ptg,5
autor:UC_ljZ1hZXR9pzexFz87P5ZA,5
autor:UCGqKxQS-z3NZzZF-2w338AA,5
autor:UCs_5qeqdku9tGAq22y3OcuQ,5
autor:UCwUAv3_LpWVtTIi7lkmTL7A,5
autor:UCaT6M2zp7X6r6Whd8Vv3kHQ,5
autor:UCRznz9-N3Qc1w-qNdLSIY2Q,5
autor:UCIUhbSCy3-SGRe5UtqM4fzQ,5
autor:UCqilIa8r7iek5sGYg_q6ofA,5
autor:UCY7Hq7F9Lnucf-Yr6JkHZNw,5
autor:UCgLrWFdYitoP-b7-PxtUr-w,5
autor:UCi-vPdnpQreC7BkFs40mJGA,5
autor:UCFOxCyF926Y9eHhMeVoWLzw,5
autor:UCHMQ_lDhibZ-XZ_3fo6oxwg,5
autor:UCQMMuADgqWUOcJpLwHOzC-g,6
autor:UC-QOpE7GOxlXcHZ8b7HbQKA,6
autor:UCp_dAUfv8i3LW3zWc24dLaQ,6
autor:UC1WlJfQmaIskYhP4gmWoamw,6
autor:UCrqXyRsg-_hTosURZ-uvoKg,6
autor:UCxhtlxPV8AYWaNNyU6S9H8Q,6
autor:UCGZMgmM92E3njyXNe9-kjAQ,6
autor:UCat2qkYvqmtDNEmo2PVuhXw,6
autor:UCbNanjFI51cwGqMAb2rOrBw,6
autor:UCVdjCrh4tQoX3haNAZv-n5A,6
autor:UCtiHFjFu7d5v2XxHnKFUYig,6
autor:UCozFYHN0e_-vlQbX3wQGOug,6
autor:UCOLHH4ZpMxPYF-Q6e6wvn5A,6
autor:UCBlm80VQ4YoV3bUJR_XhkaQ,6
autor:UCPNXmbOBVeC4HS-xemvcPtQ,6
autor:UCi2KiZq63sRq8Mfbcp-MelQ,6
autor:UCIgoiXdIKJyUGmUoH2Lxdzg,6
autor:UCZjm6U576nX8WOiLhmMR3bw,6
autor:UCGm3gRBEHGRJYmtCryZLtDw,7
autor:UCHu8x4MVkayU6VgwVKd--MQ,7
autor:UC3iIU62XKUOWuqL8BqBzj9A,7
autor:UC9Wp6vL5oCU37qC3Aj94WZA,7
autor:UC094EFEmMSdwVa8NQjjYBXg,7
autor:UC5PrBbmUlQolwqmiru7yZhw,7
autor:UCld2stqxaVSk0QdGncM224A,8
autor:UCNiMNUJvaRJb0_QLClqwVnA,8
autor:UCtowGNY2lnlg6O2CkwDgkLg,8
autor:UCKVzDUqbtdSMBcexaEtMmzQ,8
autor:UCQIdKuZ-OzuFqy0KjGrgesg,9
autor:UCWWkebAekppaL5b5CNlppuw,9
autor:UCHGd14aYuZZShLD73dkk6mg,9
autor:UCJxJC56BSAX-ArD0NAb9qnQ,10
autor:UCyor0Mmm0ivLX2jIdyGp84Q,10
autor:UC6xI_MOaxajIWpoP8BH6E_Q,11
autor:UCPLW0HE3siElqCgXfgWxMqg,12
autor:UCQM2tCKRRytVDRxNUfCDqQQ,13
autor:UC_NRVt2UP88ZNTwzrZ66JSg,14
