nodo_id,etiqueta,grado,estado
autor:UC-HeUTT6_g-VoiWds2a4H-w,@JorgeMunoz-gd9et,1,hoja
autor:UC-Iul5tDYH_oiAMXQH-KaaQ,@AlbertoMancilla-p9h,1,hoja
autor:UC-QOpE7GOxlXcHZ8b7HbQKA,@mariaalexander427,1,hoja
autor:UC-fiZBS5Gp1eCJd9ucgWnCg,@Tommii.10,1,hoja
autor:UC-hfX8J5JPJ-dfuakzegMLA,@normaleticiaorozcojuarez2418,1,hoja
autor:UC-jS_kA9w-OmpupXDx156Rg,@simoncreyesc7579,1,hoja
autor:UC-pNP6RMFuLg_-x7Ah_0kEA,@almacatalan2717,1,hoja
autor:UC094EFEmMSdwVa8NQjjYBXg,@CelestinoQuej-j7k,1,hoja
autor:UC0HvfEWozTHbwl_iEmJNvVA,@OttoPalencia-b7r,1,hoja
autor:UC0RpuMwkDKJYqgKHtsJRuWQ,@sabinamarinaguerra3248,1,hoja
autor:UC0aEyakBPqcBkVJiErfSupQ,@jhonymanuel9891,1,hoja
autor:UC14qlobYKqD-DO0j6b75lcA,@megavision4488,1,hoja
autor:UC1DpqK6vaPEkBOMNvypsKYg,@HectorCarranza-u4j4o,1,hoja
autor:UC1NiEdJ7gk6FlDexIalWnGg,@BorisTebalán,1,hoja
autor:UC1WlJfQmaIskYhP4gmWoamw,@marthareiss5434,1,hoja
autor:UC1Y7x3h0c95Z8kUhi-Tzaeg,@rosadiaz9235,1,hoja
autor:UC1vr9aaMI2crB0NvwFHUeoQ,@JoseSimilox-p6e,1,hoja
autor:UC2Y_EHWQKevubk4vOEBBFxw,@alfonsomorales2653,1,hoja
autor:UC2ngpd8UBQu4gcUYy0goAtg,@juliohernandez7438,1,hoja
autor:UC2weSE8rpqkGMOp6StYtVfg,@katerynsantiago2907,1,hoja
autor:UC32oozucwCF3q8d4m8fyOUg,@RauldejesusOlivagonzalez,1,hoja
autor:UC3E9mAgP7VoAE5mZoAexl5g,@EnnioAroche,1,hoja
autor:UC3MYTqpQqlWBuCB7Th0e0PA,@isaaclopez7220,1,hoja
autor:UC3NMzdMYryaw82kPTnsaljg,@marisosa7832,1,hoja
autor:UC3UVO7pTbeYvZ3ILEyRDskQ,@rosaelenaargueta79,1,hoja
autor:UC3XTwHxygNCgjndsg-UiCQA,@marioajset4283,1,hoja
autor:UC3YpzAr7pcdKC7BVFEpYzog,@carmenfigueroa1232,1,hoja
autor:UC3iIU62XKUOWuqL8BqBzj9A,@antonioduarte2288,1,hoja
autor:UC3qn1yJA5PeW9rkGPatQxiw,@VICTOREST19,1,hoja
autor:UC4Avya4kmR4Q0FrfFdBozSQ,@davidlima1348,1,hoja
autor:UC4cXueR2bKGFJV0Fk76gwmA,@aluxdel4792,1,hoja
autor:UC4kg7zuTfqQKLd2bkZrSYBA,@zoilagarcia9019,1,hoja
autor:UC4wq3DcbfaG6dtCqn8Oyu3w,@hugoasencio7764,1,hoja
autor:UC5H8ASmMC9WrURmzeB4ySog,@ManuelEdran,1,hoja
autor:UC5PrBbmUlQolwqmiru7yZhw,@lazarochavez8269,1,hoja
autor:UC5PyGvSfFM--OVKmQ3COu6g,@FreddyGmez,1,hoja
autor:UC5bG9nc_JV3FsNP2KseQiYw,@giovannirodas4836,1,hoja
autor:UC5fvhAfm89JH8eDFdvc0xYw,@isaidiaz2388,1,hoja
autor:UC5hvEnRUzI4Kfvwnyi4QxqQ,@leonelsantizo5281,1,hoja
autor:UC5wuDq3U3vRAhOQI3D7gNdw,@allanreneramirezgonzalez534,1,hoja
autor:UC63tFvbQ_hJhGDi2nbjssjw,@AbigailRodas-w2r,1,hoja
autor:UC650pRT-OYzny3GwOH8Cgfw,@edvinparedesherrera7632,1,hoja
autor:UC6PvO1_k5lHKGdAPo5_C6TA,@johnmejia992,1,hoja
autor:UC6Uj1FT5JjDSF8vudvDxPAA,@alfredoortega9264,1,hoja
autor:UC6YSZqL0vEcI-niPKIMUGfw,@maxwellsales885,1,hoja
autor:UC6xI_MOaxajIWpoP8BH6E_Q,@jahirdiaz5862,1,hoja
autor:UC72gBAtyb_VXQlYDcFrh6oQ,@osmanmorales3012,1,hoja
autor:UC7IMsCxfZyWN7YQo8-JYa6Q,@Burgos68,1,hoja
autor:UC7VUuJr9cGh845CmTvf7TlQ,@LuisCastillo-oz4df,1,hoja
autor:UC7dadZG7kkGYnsNu6td0FbA,@lesolorzano,1,hoja
autor:UC816IGbFCZinfYS1LRDaaHg,@ingenieroar,1,hoja
autor:UC8F2V63KZ4ZEay6opX2hAQw,@carmenr6311,1,hoja
autor:UC8G5cJONY8L9voMyBW8Eoug,@luisparedes-pw6qt,1,hoja
autor:UC8r11yOugM2NuRfitQOxLLg,@cesaraugustomoralesmonroy6907,1,hoja
autor:UC8xlJWNHz1V_W6q3fbuQH8g,@NormaLópez-v7e,1,hoja
autor:UC95PSMouTx2N5CbSq0hIyrQ,@lisss1908,1,hoja
autor:UC9Wp6vL5oCU37qC3Aj94WZA,@ManuelSanchez-b8q2z,1,hoja
autor:UC9vMq1YF-e7C-VO0SHkbUTA,@ErvinLeonardoCarreraLatín,1,hoja
autor:UC9xr9QvIcDvoZNUX5f-jaZw,@MariaaliciaColonmorales,1,hoja
autor:UCA93ym2TXs_Ibyxb4Vcn-6Q,@oswaldosolis8728,1,hoja
autor:UCAKuKvcbfnBD3kF5njNu-IA,@melvinlopez7096,1,hoja
autor:UCAV7QIjYhbDJaycQycM_0eQ,@mariavail8998,1,hoja
autor:UCAlzM_N6xBlMYmM8EBzX86Q,@carlossoto3252,1,hoja
autor:UCAmtbUiIrUIhikru0ZoTFig,@Aura-vf6dm,1,hoja
autor:UCAxvOOHQk7dYPOajzFEVtbA,@ruddydepaz322,1,hoja
autor:UCB5p8a5gklc80jJItP6xTHg,@ernestogamboa8737,1,hoja
autor:UCBlm80VQ4YoV3bUJR_XhkaQ,@rosadiaz6945,1,hoja
autor:UCBtB5dIyx-C16UN8ClUD2UA,@alexmonzon4257,1,hoja
autor:UCCBYcToQ2dwkd6TJh0FSyDg,@lidiarodriguez3493,1,hoja
autor:UCCUmP4PlbwgikVFpYwbtRTg,@alhvi,1,hoja
autor:UCCaYwkkbQGcvFoUmothVdQQ,@OsvaldoAguirre-l3i,1,hoja
autor:UCDIMztpVm7G27qBuiWuT6oQ,@lizardomorataya8274,1,hoja
autor:UCDPWkUX3sNNaCx-m1dV4glA,@hectoroliva949,1,hoja
autor:UCDQaQv0hr2SS_PO-CMEwVHg,@federicosaquimux1933,1,hoja
autor:UCDUffaruH6dyUnUGwsTKpgg,@luisletona2842,1,hoja
autor:UCDftMWXQoJ6nONfY7GVOVjg,@luisgpacheco5858,1,hoja
autor:UCDlr1VadSucIZgZ171pRBjQ,@cuabatzjj5924,1,hoja
autor:UCDrmf9y9nLgFY5wnA2hTuGA,@laboratorio5528,1,hoja
autor:UCEHXl4VvvVpq-_4xC5tsbhg,@anibalg47,1,hoja
autor:UCEgEQmRbtL5fwr9_DqAC--g,@ArielRodas-g5y,1,hoja
autor:UCErZPJpHmLCsXs8ZWkAUupQ,@dorisl.garciaroche7763,1,hoja
autor:UCFFrEmn6lPYiWyElpfzTy5Q,@denilsonlopez4083,1,hoja
autor:UCFOxCyF926Y9eHhMeVoWLzw,@arielsarc09,1,hoja
autor:UCFUuDARXdmmIrLppEqf-rFg,@allanmunoz7410,1,hoja
autor:UCFhxtoeARHPnXXPcDrOU3Xg,@diegoalejandrolopezmendez205,1,hoja
autor:UCFjudnPLoaSL1BaRuLahyHg,@HaroldoCastillo-rh9iw,1,hoja
autor:UCFoIAE8k82D6AV-8gjjKaNg,@eddymunoz9789,1,hoja
autor:UCFxE8GbokBrBsPEKM1xrOjQ,@JuanDavila-qd7qj,1,hoja
autor:UCFybmWapGvBKcQod7cPPH9w,@vitalianochavez8382,1,hoja
autor:UCGGHbtfbbe0o68etrOf0qxw,@karensussetteleonvargas9794,1,hoja
autor:UCGX_UbAQOXGZknv5iqklwTA,@ronaldgarcia8522,1,hoja
autor:UCGZMgmM92E3njyXNe9-kjAQ,@pasionpornada,1,hoja
autor:UCGj2v6Gl5bN8NSrzJMXS-CA,@juliogutierrez492,1,hoja
autor:UCGm3gRBEHGRJYmtCryZLtDw,@JoséLopez-g6k,1,hoja
autor:UCGqKxQS-z3NZzZF-2w338AA,@samuelaguilar529,1,hoja
autor:UCGzXwyCzMzGmjmCbH3Hg01Q,@FidelZacarias-ph7dy,1,hoja
autor:UCHGd14aYuZZShLD73dkk6mg,@noemiherrera3152,1,hoja
autor:UCHMQ_lDhibZ-XZ_3fo6oxwg,@crislexrubi4387,1,hoja
autor:UCHbwIx9pmQuf7i-4_xO2EpA,@caminoseternos752,1,hoja
autor:UCHhHUjaMAZ8SiXdCUCj9DkQ,@fredymendez1786,1,hoja
autor:UCHu8x4MVkayU6VgwVKd--MQ,@Hernandez-i1o,1,hoja
autor:UCIUhbSCy3-SGRe5UtqM4fzQ,@jeanmorales1677,1,hoja
autor:UCIXLDYqR_syskKRJy_x9W9Q,@carlitosramirez4739,1,hoja
autor:UCIgoiXdIKJyUGmUoH2Lxdzg,@susievidal4134,1,hoja
autor:UCIp19h9igblA2YKfSLPDAug,@JoseReyes-rn6sh,1,hoja
autor:UCJp3OrVYcBorC94sKwdch_A,@ULJoshmg2011,1,hoja
autor:UCJxJC56BSAX-ArD0NAb9qnQ,@alfonsowilian9157,1,hoja
autor:UCKDR0f2fu2UzWL8mBv5-BHw,@mireyamorales6595,1,hoja
autor:UCKVzDUqbtdSMBcexaEtMmzQ,@rotorairgroup8409,1,hoja
autor:UCL13XhnRzbGokEkCkEOb0-g,@raquelprado3643,1,hoja
autor:UCL1MT278vSaQ83ZDkVWn1gw,@elmorodriguez6978,1,hoja
autor:UCLFdHr9BEbXHkoJopbEPLZw,@kanterra4584,1,hoja
autor:UCLXYp1Cvc5DLtq5UQL5D9vw,@jorgecifuentes-m5g,1,hoja
autor:UCLggDc_a5HriXv7I1h02sOA,@guillermogonzalez5153,1,hoja
autor:UCLh1Kde4_vI1sTZBkTNP7RQ,@JoelReynoso-d4r,1,hoja
autor:UCN2N_wYOw6fMwCeSzdXLPIw,@danielantoniogonzalezflore4901,1,hoja
autor:UCN6qbfPSzFtjhqUDZ3Cv3CQ,@carlosmedranovelasquez6380,1,hoja
autor:UCNBnKqWf4d-rS4HwJRQljmQ,@LE_A22,1,hoja
autor:UCNIeXbV_mEwpa412h1aqUWw,@juandeleon9060,1,hoja
autor:UCNiMNUJvaRJb0_QLClqwVnA,@Santiago.Nolasco,1,hoja
autor:UCNkcuy42zEwddwEcOd_HpnA,@vanigomez492,1,hoja
autor:UCNpt5CQlTzNjlAKY6CJtClQ,@eustaquiogomez9975,1,hoja
autor:UCO0zwwLWGyDgQmWPJ5Qrr1w,@elsalvador3605,1,hoja
autor:UCOARn3hnfkB7-_Rwa8Hoqcw,@nicelol5241,1,hoja
autor:UCOLGv5Pf6BF2wFcwUzgcvHg,@welfrealdana5559,1,hoja
autor:UCOLHH4ZpMxPYF-Q6e6wvn5A,@luisroldan7374,1,hoja
autor:UCOS8ViEkccrTZx2w2ccxotA,@OscarHernandez-q8y,1,hoja
autor:UCOY3XpD9qMCRSA8AA8c4CAw,@franciscorodas9686,1,hoja
autor:UCOcUI5XkTYNMSFhZNMIPpGg,@hendersonlopez3864,1,hoja
autor:UCOh6DaZC_x9HASnlRylEMfw,@AndresMedina-v1s,1,hoja
autor:UCPLW0HE3siElqCgXfgWxMqg,@elizabethmonterroso7719,1,hoja
autor:UCPNXmbOBVeC4HS-xemvcPtQ,@BelkisRodriguezRamirez,1,hoja
autor:UCPZueDLrCS4BmTBRMA4q0fA,@kevinochoa3695,1,hoja
autor:UCQIdKuZ-OzuFqy0KjGrgesg,@lyacausa,1,hoja
autor:UCQM2tCKRRytVDRxNUfCDqQQ,@elioelias7267,1,hoja
autor:UCQMMuADgqWUOcJpLwHOzC-g,@Ripped-Yoda,1,hoja
autor:UCQ_-LPP8JAbfkc-b1Q6NvWw,@MegaKristenstewart,1,hoja
autor:UCQgYjVngJRfPHDLGB5X6ZjA,@oscarnavas9996,1,hoja
autor:UCQqetiwzzmRNTM5OWuXarGQ,@isaiaslopezvelasquez1539,1,hoja
autor:UCQqlPPUGqAfWjd-FSh_qn7Q,@estuardoargueta137,1,hoja
autor:UCQtICyzWmhC5woCtbNgaSmg,@nestormendez6216,1,hoja
autor:UCQtSFINs1h6GHkpg9o5kMvg,@MacarioMartinezruiz,1,hoja
autor:UCQyOePccUP-fIJYzchAgZYw,@aguilar4254,1,hoja
autor:UCRAquv8el-tQ30bN7MlmySQ,@iamjimalesssa,1,hoja
autor:UCRETAiYdh2dL5ZxB0_N1zDA,@Joseroland21,1,hoja
autor:UCRcSR3Lvn9DZAmJpVPANfZQ,@WalksandSuch,1,hoja
autor:UCRelkU8JiZBytTzebJxaa-w,@danyraymundo2942,1,hoja
autor:UCRfkkatKrNtAARnXMMYBGlA,@BernerSoza-mg3vx,1,hoja
autor:UCRlCV9zSn7avAWh-9_XFWqQ,@ronyarana8849,1,hoja
autor:UCRvPToDkkumha7WJAfCDk1A,@ligiaguerra3057,1,hoja
autor:UCRznz9-N3Qc1w-qNdLSIY2Q,@jimmygomez724,1,hoja
autor:UCSTAUWVc1_82DHYeqOsqEFA,@TheAlexX_C,1,hoja
autor:UCSou6a2OuYGSvPjm5psquyA,@FranciscoRivera-sf7ne,1,hoja
autor:UCTD6q1nyIe3Y7HhqjaMj72w,@JuanChang-r6k,1,hoja
autor:UCTP3O0rMnc8z8v8jaDQwL0w,@RobertoZelaya-x1v,1,hoja
autor:UCTTILH6QCIxbTnEWxwRqs1g,@3762Jorge,1,hoja
autor:UCThW2XNsAaBKme5PUt7n-Zg,@thelmamoran8565,1,hoja
autor:UCTwSut16JyAg3mX6LVUNGqA,@SuperVictor2005,1,hoja
autor:UCTylKrsqkrBKIqubMu_5N0Q,@edwingeovanymarroquinmarro6684,1,hoja
autor:UCUIIIPTVDVHAXqhC_5V6lPA,@gorrarota,1,hoja
autor:UCUoYsrx1oZnCZ0usbBJn4fA,@AnaDiaz-re9sq,1,hoja
autor:UCV0iizTBoOfdAFX_thfI9BA,@BenjaminLarios-jd8nk,1,hoja
autor:UCV0lM03g5fg5pbPj97-sAtA,@genarodelgado3929,1,hoja
autor:UCV3fr-YOixFKCZBbJP1-X4w,@albertoshernandez5251,1,hoja
autor:UCVC2QugcI1G4RvlCiUqd1aQ,@rwdm76,1,hoja
autor:UCVQf0tzL7xRzFJsABVVULpg,@DennisseLopetegi,1,hoja
autor:UCVdjCrh4tQoX3haNAZv-n5A,@aurahernandez5646,1,hoja
autor:UCVhif9eV0f8plICen2DnpKA,@blogarteplus,1,hoja
autor:UCW-JC6lebVmf2P1dmY_L94g,@dinoraoroxon5771,1,hoja
autor:UCW80DaMjQlEUibC98Cot-Dg,@rogeraldana4289,1,hoja
autor:UCWIZUtKJ636y-4TYrNvok0g,@cesarandreas7824,1,hoja
autor:UCWWkebAekppaL5b5CNlppuw,@ninettmartinez425,1,hoja
autor:UCWaRixDdpgllTBf4V0jPnKQ,@hectormaaz5523,1,hoja
autor:UCWoAVGVqCn4xtINCMOTM4jg,@OmarMartinez-vv8re,1,hoja
autor:UCWvntqPQx99k_Z_skWKqNSA,@AntonioChiyal-x5s,1,hoja
autor:UCXN2s7DwTJm33xO-pNkAdaA,@edithsan7688,1,hoja
autor:UCXO1BBohNWXkK9SBDAG2ySg,@JBFlute92,1,hoja
autor:UCXSkL3ejZ8qWYyF_M7s_QKA,@JacintaTzoy,1,hoja
autor:UCXVLc8CmAO813ubM-fLvCDw,@herminiasaquimux7565,1,hoja
autor:UCXXh7yg5KUFIWylTiKVEFKQ,@MrDuenderojo,1,hoja
autor:UCXgr7vXlRrsaskPdo097kGA,@Rogergh-nw4oj,1,hoja
autor:UCXl30Y_upRqbti52fmjK4YA,@capitanfrans,1,hoja
autor:UCXmrpc6Li0spcKxtS0Q_ptg,@melvinperez6710,1,hoja
autor:UCXr8_5WtGeipe4haOoQDgyQ,@amyherrera7352,1,hoja
autor:UCY7Hq7F9Lnucf-Yr6JkHZNw,@maynorcalel1442,1,hoja
autor:UCYN4wSQ1Sx4_LurxLlW7MPg,@belarminavillatoro6474,1,hoja
autor:UCYwpX26TrCxq8TvbKGRYLXA,@beneficioelcaminovillacana8540,1,hoja
autor:UCZ51R_9Q9C0c8I3pAWhtmjQ,@belvettzapeta1251,1,hoja
autor:UCZFQwqh90apuL8eFhvRBkUg,@luisricardo9671,1,hoja
autor:UCZIQnb1fkwe39Iw2TAu-bGA,@jorgegomez2237,1,hoja
autor:UCZLG9qH0tUjNhEGFIUt0CYw,@SoniaMarroquin-y6e,1,hoja
autor:UCZOmq6MwFDVoCaEl99BRRaw,@daniloarevalo3170,1,hoja
autor:UCZeIIQrGAedW8tCbKWmGY-A,@mariocordon8873,1,hoja
autor:UCZjm6U576nX8WOiLhmMR3bw,@MariaNavarroYT,1,hoja
autor:UC_3xuTXvMIWU5MYP9HkJ3vQ,@Historia-wm4os,1,hoja
autor:UC_6KbBY1bsYXz9fwFS0eQRg,@imrcp5694,1,hoja
autor:UC_LYoGs5C3mbZKZuKuqYCvw,@javiercifuentesarchila6041,1,hoja
autor:UC_NRVt2UP88ZNTwzrZ66JSg,@aditalissethevasquezrojas8039,1,hoja
autor:UC_ljZ1hZXR9pzexFz87P5ZA,@ChRiStOpHeR7969,1,hoja
autor:UCa36MjQLoPAmgJo-R3G8WQA,@elsasalguero6914,1,hoja
autor:UCaKAjTW9MVub_clgr4DRYjQ,@josecastillo4390,1,hoja
autor:UCaT4saRcyqCLE657Rq2hhZQ,@elmilenial4064,1,hoja
autor:UCaT6M2zp7X6r6Whd8Vv3kHQ,@alexarcos8349,1,hoja
autor:UCat2qkYvqmtDNEmo2PVuhXw,@DoraSalas-j5o,1,hoja
autor:UCbNanjFI51cwGqMAb2rOrBw,@RosaMontesdeOca777,1,hoja
autor:UCbYoNG5J3Au5BqtbXogfEFw,@Luis-gn3fj,1,hoja
autor:UCcFIBN-rtC3d3hXeuN5TfWw,@DenisRMC,1,hoja
autor:UCc_F88PzGWtA1OPNUEASulA,@rockyscarlet,1,hoja
autor:UCcfdg8crmMJwEuLUsAhV7yg,@RolandoRaguay,1,hoja
autor:UCdQAuWwyC99MB7Y02Umj26Q,@miguelbran1268,1,hoja
autor:UCe8JZoYkX5oKUZyivHYdXhw,@FernandoGarcia-jg1fj,1,hoja
autor:UCeDNEtI8_a42bZ47wJiJMwQ,@EdgarcalderonCalderong,1,hoja
autor:UCeQk-WfEA-cJRq4EKeE7TOw,@franciscojuarez9223,1,hoja
autor:UCefAH1MbvADWUjE9WVcB9EQ,@jabriz8152,1,hoja
autor:UCf5lnNZF7Qrtli9v4N_23WQ,@CarlosCortez-v5r,1,hoja
autor:UCfM3nrxtTQMY5jFx1v1J4Gg,@edgarroldan5539,1,hoja
autor:UCfRqgt2O-vjzUDMZY_tnxQw,@Williams-Garcia67E,1,hoja
autor:UCfXykdbSU97rj987LDUGfvg,@MariaSantos-c8y3h,1,hoja
autor:UCfjhejO7LZy4doXURa7LZCQ,@HonwayLee-z5g,1,hoja
autor:UCfo_yUPzy1f1POwwZxhZ06Q,@lara11roberto,1,hoja
autor:UCg3eIfd7BrsLEqS0BLkftHA,@ErmePérez-q4s,1,hoja
autor:UCgGqw4aqMdMVSGkKiMgrJRQ,@pattyfigueroa5609,1,hoja
autor:UCgJNFj5dnxXpcMvmuhZDPxA,@NataliaRodriguez-rx5mr,1,hoja
autor:UCgLrWFdYitoP-b7-PxtUr-w,@zetag,1,hoja
autor:UCgLurCo-e019HGODcjXHWCw,@perritojuega1,1,hoja
autor:UCgQJgI9vu1FI2dnC9mrFthw,@srms70,1,hoja
autor:UCgQw_Sbq3ugruDUKsq1e0-A,@marlenareano-h4t,1,hoja
autor:UCgvw7xIdGFupzpt1Y_BFkEA,@fredygarcia9151,1,hoja
autor:UCh5ESQvtzyHDhCA7XyekCFA,@andyB5280,1,hoja
autor:UChT7pzGytNd92Nmvi-zuWog,@sparkvalkov,1,hoja
autor:UChZknRmJkeGeQk0-mQuhDOg,@OdilioRodríguez-c5w,1,hoja
autor:UCheEJ5GZuIvV0fj-nXyVwXw,@rosaoliva9389,1,hoja
autor:UChep9kVb5gQmpodEEl10Xlg,@carlosaguilar-kz7ml,1,hoja
autor:UChgkn5Jt5tWKYMoEOuCjz3Q,@pablochitay46,1,hoja
autor:UChs3tU2BcKOT0CezykvAsGw,@byronpontaza,1,hoja
autor:UChyps3dqY-VY1_wLeq-2lhw,@maydamorales4395,1,hoja
autor:UCi-vPdnpQreC7BkFs40mJGA,@bryansicasales4280,1,hoja
autor:UCi1b_TRQfgO1Z9O2gNGGWNA,@davidisraelesquitsaquil,1,hoja
autor:UCi2KiZq63sRq8Mfbcp-MelQ,@eugeneramirez4405,1,hoja
autor:UCiC-Jn7wdgyQV4_Urk0DkWQ,@pedroros6358,1,hoja
autor:UCiGRBf2RNF0WRKhRVT7zFoA,@edwinavila4876,1,hoja
autor:UCiMythXHsw7eQEMykCdmMUA,@JavierBecerra-h6x,1,hoja
autor:UCiOZX__1gahg1ypIj0_XG_w,@mariogonzalezorellana8956,1,hoja
autor:UCipetjeiWj4CZB6EbyYziZg,@OseasSamayoa-ol5rz,1,hoja
autor:UCj-LL25XJnjxepPKCc3NGog,@anaaguirre8985,1,hoja
autor:UCjJf-AJKRFFWtiN-CSwkDmA,@2jose82,1,hoja
autor:UCjSKM9j0Q7HLDr1hD6D-TUw,@josehidalgo4875,1,hoja
autor:UCjmPuazZJzscrwvk0QR9RVw,@mynorrodas8591,1,hoja
autor:UCk4O-J1BhoqPmig1KLGJePA,@lazarobarillas3575,1,hoja
autor:UCkVtmkK07b2zaVVNssX4lOg,@HectorElias-u2l,1,hoja
autor:UCkbsS_3D-pvg1iHOld9uvIg,@gonzalo6075,1,hoja
autor:UCkd9W714-947dEE6ZOEBATA,@ARGELIATELON,1,hoja
autor:UCkxdJ_yGN2gghOMo2ybQtXQ,@11223344An,1,hoja
autor:UCl0ekS9Tt0jJGtOEM18S63w,@monkchapin,1,hoja
autor:UCld2stqxaVSk0QdGncM224A,@sarahernandez3873,1,hoja
autor:UClhMWQ7XKWywYvbRnuf8QsA,@EcPerez-zz9oh,1,hoja
autor:UCljDbleJul41G1TzOjOZAVA,@hectorcarranza3777,1,hoja
autor:UClqA491Xa5fQcXcJJa-vTWw,@AndresLemus-k2d,1,hoja
autor:UClsrFGJKWPxxw7MiaEdKLXw,@ericapaz5406,1,hoja
autor:UCmjppp6ujz3SAnULvP3sZMw,@marcomendez7509,1,hoja
autor:UCmvOgzmmXbjUthHy-WJ52hQ,@mariorodas593,1,hoja
autor:UCnU8wO1OurAmGstDw6VGjgQ,@cmorera21,1,hoja
autor:UCoGdCoJg2Lh0OX_jv6cG16g,@Israel-u5i7i,1,hoja
autor:UColMq7LmaoY3MT6aIDGrGvA,@quijotachapina1,1,hoja
autor:UCozFYHN0e_-vlQbX3wQGOug,@jesusguzman2321,1,hoja
autor:UCp29O_C7cchZV8IxV7Crdag,@robertoescobar5507,1,hoja
autor:UCp4iw5_5SmV9VGTFSNVGOmQ,@CARLOSSTREMS51,1,hoja
autor:UCpIdtvoFHVLGASGB5ySqIEA,@VidalVillatoro-p4w,1,hoja
autor:UCp_dAUfv8i3LW3zWc24dLaQ,@MarioCortez-o6v,1,hoja
autor:UCpe5jW3MIqkgTJ-PgkzvM6Q,@carloslam5333,1,hoja
autor:UCpl8rF8uv_8uui-QRvuJaRA,@SergioGarcia-z9c,1,hoja
autor:UCplrIQtaPj6au60_f2-mOYw,@romeolopezherrarte799,1,hoja
autor:UCq3mDTTRZnUybct5M9OSXbg,@MacoMorales-i2i2d,1,hoja
autor:UCqCrvuoJpC-aVb0f4logQRQ,@Lyrics_GT,1,hoja
autor:UCqilIa8r7iek5sGYg_q6ofA,@rolandojuchuna484,1,hoja
autor:UCql1n3Ey6ULMSOACjMe-fxQ,@RolandoGonzalez-o7g,1,hoja
autor:UCr1emrogPKkKTs_WTtx71xg,@domingopeneleu6457,1,hoja
autor:UCrJn_rbo_ENAdeqneS-RmRw,@josecarrera9623,1,hoja
autor:UCrqXyRsg-_hTosURZ-uvoKg,@flornolberto2425,1,hoja
autor:UCsGoJEvb-cFPZ2rWoJcXzEQ,@sergiohinestroza9709,1,hoja
autor:UCsJJAvrVGupdmhOqgtDp8dg,@nestorlorenzana1168,1,hoja
autor:UCsSXdJct-nsS8DsABoEsaYA,@IvánPérez-j4j,1,hoja
autor:UCs_5qeqdku9tGAq22y3OcuQ,@alexandrevasquez4135,1,hoja
autor:UCsjs5Hp_r86x1xbK6FAeqaA,@alvaroesquivel563,1,hoja
autor:UCtCtts20bW6F9CSohau51Iw,@carlosgranados9875,1,hoja
autor:UCtMBF_1O2jY2INlb_luuB_A,@mynorgudiel8646,1,hoja
autor:UCtNfIBnc5S5DbbQj_yxgJTw,@JosueRamirez-ey3ih,1,hoja
autor:UCtNyHmRZtvGF2hSvI2dUBWw,@aureliomaldonado4793,1,hoja
autor:UCtUR3_CAiE7fCoZHM6cMfyQ,@mdelcid01,1,hoja
autor:UCtiHFjFu7d5v2XxHnKFUYig,@Paul-gf7ec,1,hoja
autor:UCtowGNY2lnlg6O2CkwDgkLg,@taniagabrielacelis8434,1,hoja
autor:UCtsxPYw8VUsH_FfnKg-0lmw,@AlejandroPérez-b6r,1,hoja
autor:UCu8_3-Wg-YzNyvHYQDEscfw,@RolandoCastroPérez-d7y,1,hoja
autor:UCuP4UK33HKtJE_S39ksmaTw,@herbertaguilar1387,1,hoja
autor:UCuXmOjxC-htcprLgeVXz6Tg,@jorgeaguilar-bq3uj,1,hoja
autor:UCueV9cTyTDwgQSec1x2dYgA,@fredydomingo7062,1,hoja
autor:UCujPF2nBgsTD62nWE3lcpIg,@victorarturoruanobautista7588,1,hoja
autor:UCusjriFsDHEc2AOjqk-p5ig,@pablobarrios7931,1,hoja
autor:UCut6b9S98nv84cVX89PmKzA,@yeniferaguirre4498,1,hoja
autor:UCvApqeCbLod-wejtT4CcVuA,@davidgaher9550,1,hoja
autor:UCvDwJBBY1mHK70aTEYl6rsA,@cristianescobedo8296,1,hoja
autor:UCvl1tzQeBeGy6efPTRJXSCw,@RaulPerez-cw2vi,1,hoja
autor:UCwCfs-2zbD5k0lG-UVg_JBw,@JessicaHuaz-96,1,hoja
autor:UCwEe1RKlEv1UpNWmWYfSh4w,@marioramirez299,1,hoja
autor:UCwO2SXr0ggzwg6QWWrr01nQ,@ricardofigueroa5720,1,hoja
autor:UCwUAv3_LpWVtTIi7lkmTL7A,@kingr4706,1,hoja
autor:UCwW2OFy95P7ZBkOPxWkpvYg,@TeresaLucero-b5o,1,hoja
autor:UCwgCc9Jd_gG-uLE_SY-FfPg,@armindapenados2841,1,hoja
autor:UCwha8rxULYMVtNwZWeSkE1A,@mariasamo8637,1,hoja
autor:UCwjUvRseNtJoItylIyIez7Q,@Silviazea,1,hoja
autor:UCwxoKK59nGCeBqB2sXfDBIw,@vic-bonivideos,1,hoja
autor:UCxKR3RA8T-kxMgq_2WWhRcQ,@elenaluarca9377,1,hoja
autor:UCxcoDvP-g2_KTZDmVZtvb3w,@angelmartinez9523,1,hoja
autor:UCxff05WuyvwELNITi7bj7UA,@markoherrera,1,hoja
autor:UCxhtlxPV8AYWaNNyU6S9H8Q,@WilR-s8r,1,hoja
autor:UCyJhqmMbsvjpoarBBStA2kg,@Murmullodelbarrio,1,hoja
autor:UCySYJU5kUh7X8gVt9la2ISA,@dantesarti4351,1,hoja
autor:UCyW68EGZey4ao_Vf2cR5Ztg,@ZabalaXabier,1,hoja
autor:UCyor0Mmm0ivLX2jIdyGp84Q,@MiguelJordan-n3g,1,hoja
autor:UCyzf29IYjNw67gGIfsjgtxA,@carlosoliva9249,1,hoja
autor:UCz3gu01bmjNv0DpRq-K3XYg,@eusebiovasquez4385,1,hoja
autor:UCzSfZlOVxBSs5ObD25ywxDQ,@GilmarMaldonado-q9m,1,hoja
autor:UCzoL2l5H5eVlorWGH8AZfAg,@jor77cas,1,hoja
video:-5puKGEqcUc,INSIVUMEH pronostica incremento de lluvias para el fin de semana en Guatemala,0,aislado observado
video:-E7OPOLjMug,BERNARDO ARÉVALO CALIFICA CAMBIO EN EL MP COMO EL FIN DE UNA ETAPA DE DETERIORO INSTITUCIONAL,0,aislado observado
video:-KDglrIzRKo,¡HISTÓRICO! Mexico recupera petróleo robado por Guatemala... 🔔,0,aislado observado
video:-O4Pa7qS9WQ,"Viaje completo Ciudad de Guatemala al IRTRA de Retalhuleu, menos tráfico, Diesel a Q42.59",0,aislado observado
video:0LTLUY7LBlA,"Qué debes saber ANTES de viajar a GUATEMALA | Dónde cambiar DINERO, adquirir INTERNET y TRANSPORTE",0,aislado observado
video:0a4_g1R1-aA,Acciones relevantes en el #Resumen24Horas,0,aislado observado
video:0b2vfzXdCqs,Cadena Nacional del presidente Bernardo Arévalo,0,aislado observado
video:0eiVPMexNOo,CONRED se pronuncia tras sismos en el territorio nacional,0,aislado observado
video:0iQD8zHxZIg,SE FILTRO un AUDIO de PANDILLEROS en Guatemala | DISPUTA POLITICA  Guatemala en medio de EMERGENCIA,0,aislado observado
video:1-hr8eCOt_I,Este es el impacto ante el incremento del tráfico en la capital por el inicio de clases,0,aislado observado
video:1HQLJycvzaQ,Conferencia de Prensa del Gobierno de Guatemala. #LaRondaGt,0,aislado observado
video:1kSG-naIgqk,PRIMERA SEDE MIGRATORIA REGIONAL EN CHIQUIMULA,0,aislado observado
video:1w9faaYjhyU,Fundación de la República de Guatemala 21 marzo 1847,0,aislado observado
video:1y61Kb9uSbg,Departamento de Tránsito de PNC certifica a 43 PMT en Educación Vial,0,aislado observado
video:1yHN9Ci7pXs,Municipalidad de Guatemala informa,0,aislado observado
video:2iqOSL9YguA,Gabriel García Luna ya está en el MP para asumir como nuevo fiscal general,0,aislado observado
video:2n31FhKmELI,TRÁFICO EN GUATEMALA,0,aislado observado
video:2p23yPpu6aQ,#Conred,0,aislado observado
video:3-jKER3zqcA,VECINO VRS AGENTES DE LA PMT EN MAZATENANGO,0,aislado observado
video:3LAwISMokIg,MUNICIPALIDAD DE GUATEMALA 17/12/2025,0,aislado observado
video:3P2OUk7aGmc,Presidente presenta Segundo Informe Presidencial en Sesión Solemne del Congreso de la República.,0,aislado observado
video:3S3KygWSjAQ,Himno de la Policía Nacional Civil de Guatemala,0,aislado observado
video:3bU7I_ZpXUk,Congreso inicia proceso para nombrar a nuevo Fiscal General en Guatemala y suceder a Consuelo Porras,0,aislado observado
video:3onMfRym3OU,PRIMER PUENTE DONDE ARRIBA VA EL TRÁFICO Y ABAJO UN TREN EN GUATEMALA Y AMÉRICA LATINA.,0,aislado observado
video:45xQLtMlPdo,"PRESIDENTE DE GUATEMALA, BERNARDO ARÉVALO SE REFIERE AL “DÍA INTERNACIONAL DE LA LIBERTAD DE PRENSA”",0,aislado observado
video:4DD1nlxWk2s,Fuertes LLUVIAS en el JABALI; a si luce una Tarde de Tormenta 😱,0,aislado observado
video:4FUed7cIhPU,El Sistema CONRED y el Gobierno de Guatemala trabajan unidos para atender emergencias.,0,aislado observado
video:4H6w9FQAcS8,"Avances en temas de economía, precios de los combustibles y otros temas de interés nacional.",0,aislado observado
video:5DRG-WGTq1k,El Sistema CONRED continúa activo y trabajando de manera coordinada #VolcánDeFuego.,0,aislado observado
video:5MFnG5B7ric,Municipalidad de Guatemala   09/07/2025,0,aislado observado
video:5OhxjDvuYbQ,"Operativos PMT ""Cero Tolerancia"" para fin de año",0,aislado observado
video:5UNxNfcSzG4,Distinción del Cambio de la Rosa de la Paz a Pedro Castro López del INACOP,0,aislado observado
video:5Y7fntl6Rc8,Cómo llegar a TIKAL desde Ciudad de GUATEMALA en autobús o en Avión | transporte a PETÉN,0,aislado observado
video:5nw9G1vwnYY,Actriz guatemalteca caracteriza a Consuelo Porras frente al MP por salida del cargo,0,aislado observado
video:677N9cx_kKE,Carlos Pineda Seguridad I - Guatemala tiene solución | Ep. 2,0,aislado observado
video:6KlI_geqPOI,Conferencia de Prensa del Gobierno de Guatemala. #LaRondaGt.,0,aislado observado
video:6Wf0ItQUaDU,“Queremos generar 60 mil empleos”: Victorino Carranza revela el plan y las pérdidas de la Gremipe,0,aislado observado
video:6y3KQmmg3Oc,Noticiero El Informativo. Nuestra semana de resultados.,0,aislado observado
video:6z2Psav9Onw,Conferencia de Prensa del Gobierno de Guatemala. #LaRondaGt,0,aislado observado
video:74F3Mn_NWoE,"Acto de Graduación de los Cursos de Formación, Ascenso y Especialización Policial de la PNC.",0,aislado observado
video:7JerBdHtkWA,Cambio de horarios en Municipalidad de Guatemala,0,aislado observado
video:7hfUg8Z-W2o,Conferencia de Prensa del Gobierno de Guatemala. #LaRondaGt.,0,aislado observado
video:7kuHyjwuE_o,Centro Municipal de Emprendimiento - Municipalidad de Guatemala,0,aislado observado
video:7mdtGeIHQnE,"#LHEnContexto: Gestión de riesgos en GUATEMALA: Lo que debes saber, explicado por la CONRED",0,aislado observado
video:8CuQ2_HTaN0,Conferencia de Prensa del Gobierno de Guatemala.,0,aislado observado
video:8n6momRcC04,Mantenimiento constante,0,aislado observado
video:90oVm0P4_9Q,"El MINGOB a través del Viceministerio de Seguridad, combate  el crimen organizado.",0,aislado observado
video:9BIrwWQUdb8,"Capturan a ""guardián"" de parqueo utilizado por la mara Salvatrucha e incautan 5 vehículos robados.",0,aislado observado
video:9Jacxvi9umU,Los responsables de bloquear información en Guatecompras,0,aislado observado
video:9XFVeHiWDTo,En #LaRondaGT conoce las acciones que impulsamos para modernizar los puertos y aeropuertos del país.,0,aislado observado
video:9h7d1iDFaqo,Vuelve el tráfico lento en la ciudad capital,0,aislado observado
video:9wHujSu-nbQ,Quorum,0,aislado observado
video:AHzfpOL5sgw,Sistema de gobierno de Guatemala 🇬🇹,0,aislado observado
video:Aa7hIDCRh3g,Este BUS me LLEVO a UN PARAISO EN GUATEMALA,0,aislado observado
video:AakUTlieyH0,Crisis de seguridad en Guatemala,0,aislado observado
video:Ab0RrbzxyBU,Municipalidad de Guatemala 17/11/2025,0,aislado observado
video:AlbPEU3rbZs,Conferencia de Prensa del Gobierno de Guatemala. #LaRondaGt,0,aislado observado
video:ArljwpsURdY,"Entrevista especial con Claudinne Ogaldes, Secretaria Ejecutiva de la SE-CONRED",0,aislado observado
video:B60bWqpVUIE,Así es el transporte público en Ciudad de Guatemala,0,aislado observado
video:BLc_KXPng9g,Conferencia de Prensa del Gobierno de Guatemala. #LaRondaGT,0,aislado observado
video:BUNeDEi0yVU,CIV LICITACIÓN 800 KM 110717,0,aislado observado
video:BW41jT3t3oI,Provial,0,aislado observado
video:BbAeamItalk,ZARAGOZA DA UN PASO HACIA EL FORTALECIMIENTO DEL DEPORTE CON NUEVA CIUDAD DEPORTIVA,0,aislado observado
video:Bdn2nxDqQ90,Video Viral de PMT / GUATEMALA,0,aislado observado
video:Bi34XvRV6AM,Plan de Evacuación CONRED,0,aislado observado
video:BnZFUzpEDe4,Municipalidad de Guatemala se moderniza,0,aislado observado
video:Boj5GILjbI0,"Spot Rendición de Cuentas, segundo cuatrimestre 2023 - 2",0,aislado observado
video:Bp4LtQT8Hk0,"Ciudad de Guatemala, el mejor lugar para vivir",0,aislado observado
video:C5hJmAhpMMQ,"YOUTUBE PUNTO DE ENFOQUE MARIO MEJÍA, SUBDIRECTOR DE INSIVUMEH",0,aislado observado
video:C8wk4HWwWyM,Duro golpe al crimen organizado en Granja Penal de Pavón.,0,aislado observado
video:CDg6kLRfiqQ,Acciones relevantes en el #Resumen24Horas,0,aislado observado
video:CJQ46Hr4HcU,Municipalidad de Guatemala  19/12/2025,0,aislado observado
video:D3fRGjqHeHI,"Spot Rendición de Cuentas, segundo cuatrimestre 2023 - 1",0,aislado observado
video:D4CEpAfkkPI,Policías arremeten contra agente de PMT en zona 10,0,aislado observado
video:DBvMeKT4gzo,La Familia MÁS RICA de GUATEMALA… Ni la Guerra les Quitó el Trono y Hoy son DUEÑOS de tu CERVEZA,0,aislado observado
video:DC1_qrLUvHI,Municipalidad de Guatemala 26/08/2026,0,aislado observado
video:DMAKF8n0XJs,Guatemala TV • ID (2024-2026),0,aislado observado
video:DX5eT-hVU8Q,250 años Ciudad de Guatemala,0,aislado observado
video:DkxSkQipYwo,PRESIDENTE BERNARDO ARÉVALO PARTICIPA EN EL ACTO CONMEMORATIVO DEL DÍA DEL EJÉRCITO,0,aislado observado
video:EGfy1BxGLIk,Colabore con las medidas de la PMT,0,aislado observado
video:ELhvo8YnYnI,Insivumeh prevé lluvias fuertes por dos ondas del este,0,aislado observado
video:EQDcEgFpXCk,Guatemala: Gobierno refuerza lucha contra las pandillas en medio de crisis de seguridad,0,aislado observado
video:EZfm-05qtWo,Municipalidad de Guatemala prepara plan de actividades en Semana Santa 2023,0,aislado observado
video:F72Rdq5crG4,Cambios en el Ministerio de Comunicaciones: Salen Lizzette Benítez y Adrián Zapata Alamilla,0,aislado observado
video:FEc1BCuBiDg,¡Estamos con ustedes!,0,aislado observado
video:FQP4JTo9ShA,Rafael Carrera y el nacimiento de Guatemala,0,aislado observado
video:FU5zLTb4inc,#EnVivoDCA | Conferencia de prensa del Gobierno de Guatemala,0,aislado observado
video:Fapc1-8m5Zc,Municipalidad de Guatemala 21/11/2025,0,aislado observado
video:Fb2Ccfq5S9w,Reo y su esposa fueron asesinados dentro del Preventivo de zona 18,0,aislado observado
video:FuTz67jS7m0,124 nuevos brigadas refuerzan la seguridad vial en Guatemala,0,aislado observado
video:G2u4Rbq7zU4,Arévalo anuncia nueva cárcel de máxima seguridad en Guatemala,0,aislado observado
video:GgU7qhmf020,Sueños GT: educación para la niñez de vendedores ambulantes en Antigua | Super - Episodio 1,0,aislado observado
video:GjGMSFSE1gY,"“Gracias a dios, no hay reelección” 🤡",0,aislado observado
video:HMJXf1VdM5E,Lluvia inusual de Martes Santo provoca inundaciones en zona 1 de Villa Nueva,0,aislado observado
video:H_TGv_cMwww,PMT: La fuerza laboral reguladora del tránsito más grande,0,aislado observado
video:I277M6i4jnY,Gestión del Riesgo de Desastres desde las comunidades.,0,aislado observado
video:IZLflL4Hgco,El ciudadano Toriello da un paso al frente,0,aislado observado
video:IcF9rRdAtp8,Ministro de Comunicaciones Alejandro Sinibaldi realiza supervisión en la Ruta CA-1 Occidente,0,aislado observado
video:J6ctng-yAnI,CIV PROVIAL GRADUACIÓN XV PROMOCIÓN BRIGADAS 140619,0,aislado observado
video:JErfmk-TlRg,Rendición de Cuentas - Primer Cuatrimestre 2023,0,aislado observado
video:J_HBzJUTOus,Presentan estrategia nacional para prevenir violencia durante recorridos de antorchas,0,aislado observado
video:JdxHJkQjM50,🚡 ¿Cómo va avanzando #AeroMetroGT?,0,aislado observado
video:JgmCtBQWNL8,Conferencia de Prensa del Gobierno de Guatemala. #LaRondaGt,0,aislado observado
video:Jr1hJ92H_Nc,"#SinMáscaras | GUERRA SUCIA PERO SUCIA EN SERIO LLEGA A TV AZTECA CON AMPARO, CAMIN Y CASTAÑEDA",0,aislado observado
video:K1IA6oTGws8,#EnVivoDCA | Conferencia de prensa del Gobierno de Guatemala,0,aislado observado
video:K2qWcueeMOc,#EnvivoDCA | Conferencia de prensa de Gobierno de Guatemala,0,aislado observado
video:K50uijsHnAM,Informe desde Ciudad de Guatemala: crisis de seguridad tras ataques contra la Policía,0,aislado observado
video:KIO6wIJXYY0,"Se tiene que cambiar el sistema electoral en Guatemala, asegura exfiscal",0,aislado observado
video:KWCyMd4dxkY,Recorrido de los 21K BAM de la Municipalidad de Guatemala,0,aislado observado
video:KkNQhX_kg8A,🇬🇹HISTORIA de GUATEMALA en 17 minutos🇬🇹 - El Mapa de Sebas,0,aislado observado
video:LRzZy8xBrjA,Conferencia de prensa ante el incremento de los combustibles.,0,aislado observado
video:LeN6wpNIB-4,GUATEMALA RECIBE 135 NICARAGUENESES LIBERADOS POR ORTEGA,0,aislado observado
video:LqY_vAsa4PY,“Guatemala: Una historia escrita con corrupción”,0,aislado observado
video:MMECHN8SFNw,"Noticiero en Directo 1 pm, 27 de Agosto de 2026",0,aislado observado
video:MRJ9mKnXR9M,Labor de la PMT es honesta aseguran vecinos,0,aislado observado
video:MdIa2Dtj77I,"Consejos para tu viaje a Guatemala: hospedaje, telefonía, transporte y más!   ✈️ 🇬🇹",0,aislado observado
video:Mh94uXZvCLo,DE LOS BOTS AL RECHAZO: CERIMEDO Y LA “GUERRILLA DE LAS REDES” | CAPÍTULO 3 DE 8,0,aislado observado
video:Mme4XikKnlc,Municipalidad anuncia 111 nuevos autobuses y 17 rutas para mejorar el transporte en la capital,0,aislado observado
video:N1QkRu38BFE,¡YA CAYÓ ALITO MORENO! ALERTA LO DESTITUYEN DIPUTADOS VOTAN PARA SACARLO DEL SENADO! CLAUDIA INFORMA,0,aislado observado
video:NCvoO61aIfw,Ya casi! Así avanza el Aerómetro que cambiará el transporte en Guatemala,0,aislado observado
video:NcIcixCdQH4,PNC garantiza seguridad a turistas que visitan el colcán de Agua,0,aislado observado
video:Nc_Iy0MriYw,🛑🛑Actualización PROVIAL🛑🛑,0,aislado observado
video:NnKpTEfhWjI,✅ ASÍ es una EXHIBICION DE BUSES EN GUATEMALA,0,aislado observado
video:O6gI0ooBM3E,¿Cómo es el tráfico en Guatemala? 56 días perdidos cada año y una emergencia nacional,0,aislado observado
video:OXf_VvvyIDw,Municipalidad de Guatemala 31/08/2026,0,aislado observado
video:OgOICSTSa7k,¡DÉJAME VIVIR! GUATEMALA INTENSIFICA LA LUCHA CONTRA LA CACERÍA ILEGAL DE FAUNA SILVESTRE,0,aislado observado
video:On7jqOm1bpg,🌟Seguimos avanzando🌱,0,aislado observado
video:Oy6sKBhduu4,"Realizan Reunión Ordinaria de #CODEDE, 25 de febrero 2025.",0,aislado observado
video:Oztw_Hta52I,TRAFICO EN GUATEMALA,0,aislado observado
video:PMaSDoG0H1U,¿Adiós al tráfico? Así es la nueva carretera Radial 6 para Guatemala,0,aislado observado
video:Pg1qw0KJI4E,"Surgen detalles de la masacre en Boca del Monte: madre de un bombero e influencer, entre víctimas",0,aislado observado
video:Q-MNTYsZgk4,¿Qué ha pasado con la contaminación del aire?,0,aislado observado
video:Q7j1OUxkn9w,Dañan puerta del área de parqueo del Congreso,0,aislado observado
video:Q7nhEeibBK4,Desfile navideño 2024  -   @MunicipalidaddeGuatemala-1551,0,aislado observado
video:QUG4etpjgos,Guatemala Habla sobre la seguridad en el país,0,aislado observado
video:Qc_oHqe4Cjc,QUÉ GUARDAS EN LA CINTURA?  🔫🥕🥓🐷🤔@lilyvlogs6899 @ElJuanete1987 @Soychap1n @SimplementeFlori,0,aislado observado
video:R-fRv_WoZOE,Conferencia de Prensa del Gobierno de Guatemala. #LaRondaGT,0,aislado observado
video:RIpKKQh26cg,Ejército de Guatemala descubre túnel para fuga masiva en penal de Pavón,0,aislado observado
video:RjG-y7Y2-k4,#EnVivoDCA | Conferencia de prensa del Gobierno de Guatemala,0,aislado observado
video:Rk-3ks9mh3o,CIV ✔️ garantiza transparencia 🔍 y rendición de cuentas📝,0,aislado observado
video:ShYWqmOpjFk,Ministro de Comunicaciones reitera sobre avances en ruta Palín-Escuintla,0,aislado observado
video:SryjaiL2B4Q,#EnVivoDCA | Conferencia de prensa del Gobierno de Guatemala,0,aislado observado
video:THY2YBne3QE,"Los ALUCINANTES autobuses de Guatemala | ""Burras""",0,aislado observado
video:TSID63-IC3Y,Operativo Relámpago de -PROVIAL - DGT - DIACO -  en 41 Calle Zona 8 de la ciudad Capital.,0,aislado observado
video:TTijnAoFnzY,Conred reprograma simulacro nacional para el 24 de febrero,0,aislado observado
video:TXlMv6bt25w,"Más de 42 mil afectados por lluvias en Guatemala; Conred reporta 1,046 emergencias",0,aislado observado
video:TnZGNY1RsJE,Festival navideño 2025 @MunicipalidaddeGuatemala-1551,0,aislado observado
video:UDFS8gl80h8,#AprendeConCONRED qué es el Sistema CONRED y quienes lo conforman.,0,aislado observado
video:UTf26hS1UJ8,🚦💙 PROVIAL: Proteger y Servir,0,aislado observado
video:UcvHq8j-J38,"Ministerio de Comunicaciones, Infraestructura y Vivienda y los Consejos de Desarrollo",0,aislado observado
video:UhL9y3KUl8E,SHAI WA: la vecina queer de Casa Presidencial,1,hoja
video:UzeOcBM9cuU,Conred Podcast Episodio 04: Amenaza sísmica y volcánica en Guatemala,0,aislado observado
video:VfBrLONPnFM,ME quité el MIEDO de viajar en los buses de GUATEMALA 🔥,0,aislado observado
video:VgcpKa1h_2Q,CONQUISTA LA CIUDAD / 21K BAM de la Municipalidad de Guatemala,0,aislado observado
video:VuIl4tjeKGQ,La ciudad sigue modernizándose para ti y tu familia.,0,aislado observado
video:W415t12o3DA,Mujer con crisis nerviosa tras intento de asalto,0,aislado observado
video:WQcgx8rs0Qo,"PMT SE BURL4 DE UN MOTORISTA D1SC4PACIT4D0, DISCULPESE POR FAVOR VILLA NUEVA, GUATEMALA.",0,aislado observado
video:WXA2Apo79jA,Resumen de atención a Emergencias CIV,0,aislado observado
video:WXgGL9rZUHo,#EnvivoDCA | Conferencia de prensa del Gobierno de Guatemala,0,aislado observado
video:XLkVzqqL34Q,Nueva Mega Autopista Xochi en Guatemala 🇬🇹 ¿Vale la pena? (Te ahorra hasta 3 horas),0,aislado observado
video:XVZM15KVXjM,Conoce sobre la actualización de la Norma para la Reducción de Desastres número 2 (NRD2).,0,aislado observado
video:X_FAIef8qlE,Cruzando la ciudad a puro Transmetro,1,hoja
video:XktDG8dmcd0,Torrenciales lluvias dejan decenas de muertos y miles de evacuados,0,aislado observado
video:YJohmVLc9QA,How to Get Around Guatemala: Complete Transportation Guide (2026),0,aislado observado
video:YLFXK2c60Xc,Por estas razones el 65% de las denuncias por violación en Guatemala nunca llega a un tribunal,0,aislado observado
video:YSsECnqTVik,Suscriben convenios para transferencia de fondos a CAIMUS y entidades especializadas,0,aislado observado
video:ZHJoIah2Owo,Conoce como funciona el Sistema Conred  #laprevenciónestareadetodos,0,aislado observado
video:ZNwStkzWgso,Elección judicial en Guatemala: Astrid Lemus y Luis Bermejo electos para corte de constitucionalidad,0,aislado observado
video:ZPBiWdHXg20,Piloto de tráiler accidentado en ruta al Atlántico era un menor y murió en el lugar,0,aislado observado
video:ZS74P3DnykA,"Policía Nacional Civil gradúa 3,978 nuevos agentes",0,aislado observado
video:Z_pWnOi7oRw,#EnVivoDCA | Conferencia de prensa del Gobierno de Guatemala,0,aislado observado
video:ZhrDgVZkhg4,FORMACION BRIGADA DE PROVIAL,0,aislado observado
video:_1VIxOLyaUQ,Sonido de trafico y ciudad 💤 ruido de calle para dormir bebés y relajarse,0,aislado observado
video:_3kK0or6QI0,PROVIAL guatemala,0,aislado observado
video:_Lcbi4NCHRA,Tercer Informe General de la República,0,aislado observado
video:_NSq2q0mzCY,42K y 21K MuniGuate 🏃🏻🏃🏻‍♀️,0,aislado observado
video:_cUZT7LMKE0,Conferencia de Prensa del Gobierno de Guatemala. #LaRondaGt,0,aislado observado
video:a2zgl-1KZwY,#CadenaNacional | Mensaje del Presidente Bernardo Arévalo a la nación,0,aislado observado
video:a3QGSpNx9Mg,Guatemala ya no aguanta el tráfico… ¿Funcionará el Aerómetro?,0,aislado observado
video:a6QFfhpY53g,Provial Informa,0,aislado observado
video:aRKgOSxgsF0,@GobiernodeGuatemala,0,aislado observado
video:aSbvMYJhmCc,Policía Nacional Civil,0,aislado observado
video:a_kAe9IhBbo,Tráiler impacta pasarela en Aguilar Batres y provoca cierre parcial hacia la capital,0,aislado observado
video:ahicr7fQREY,Conred Podcast Episodio 9: Servidores Cívicos construyendo una cultura de prevención,0,aislado observado
video:almmnboHkwM,Se mueve Guate 🚌,0,aislado observado
video:anFbrgqxdzY,Horas Antes del Big One | Dentro de Ciudad de Guatemala Exactamente Antes del Terremoto (1976),0,aislado observado
video:aoz2j4TTl4E,Rutas Alternas a partir del lunes 03 de agosto por avances de #AeroMetroGT,0,aislado observado
video:bBz8nX4pMxc,Conred e Insivumeh informan sobre sismos en Guatemala este 31 de julio,0,aislado observado
video:bMoENbSBSNs,¿Por qué Guatemala es una República? El decreto del 21 de marzo de 1847 y Rafael Carrera,0,aislado observado
video:bg1KCMaIrRM,"¡Atención, vecinos!",0,aislado observado
video:bzosgvntOXU,Municipalidad de Guatemala 05/09/2025,0,aislado observado
video:cl3Rpw9MstQ,Municipalidad de Guatemala sigue trabajando,0,aislado observado
video:cpoiRUtF9uU,Congreso termina jornada sin acuerdos para aliviar precio de combustibles #ALAS7AM (02/09/2026),0,aislado observado
video:csqia7f3OIE,SISTEMA CONRED Y METODOLOGÍA DE LOS 6 PASOS,0,aislado observado
video:d-V_Aw1t6nI,Graduacion  de la 57 Promocion  de la Policia Nacional Civil  de Guatemala.,0,aislado observado
video:dJcNu9YYwh4,"Lluvias, ceniza y calor extremo: así estará el clima en Guatemala, según Insivumeh",0,aislado observado
video:dLctzx8qCgA,¿Cómo la CIA ALTERÓ el DESTINO de GUATEMALA para siempre?,0,aislado observado
video:dWhSTyhegeQ,Personal de Provial explica de empresas que verificarán implementación de limitadores de velocidad,0,aislado observado
video:dccwBXfxxiI,¡Espacios iluminados y seguros!,0,aislado observado
video:dsyLiSCrwcU,"3 KIEBRES ES DOLOROSO QUE EN CHIQUIMULA AÚN HAY COMUNIDADES SIN ENERGÍA ELÉCTRICA, GUATEMALA.",0,aislado observado
video:dvy9rQpqLWY,Conferencia de Prensa del Gobierno de Guatemala. #LaRondaGT,0,aislado observado
video:dya9nbxqWXE,ANDY EL MUÑEQUITO TRABAJADOR 🥴🏍🥴🤣@Soychap1n @lucilaylossinar @lilyvlogs6899,0,aislado observado
video:ebbgBtNrRz8,Las fuertes lluvias en Guatemala dejan al menos tres fallecidos en zonas rurales | Telemundo,0,aislado observado
video:ewdf3q1tuCA,INTERPOL Guatemala captura a mujer por prostituir a señoritas,0,aislado observado
video:fBljA_npiMs,Refuerzan acciones para prevenir y combatir la trata de personas,0,aislado observado
video:fenMcON-DjY,Encendido del Fuego Patrio y Mensaje Vicepresidencial,0,aislado observado
video:ffguGnMImL0,CIV inicia trabajos de bacheo y limpieza en las diferentes rutas del país,0,aislado observado
video:g0aCNpZaAZ8,PMT de Guatemala es ejemplo para otros municipios,0,aislado observado
video:gF42rhVhP8w,Tenemos un gran problema con la seguridad de las construcciones en Guatemala,0,aislado observado
video:gbcggAMJczg,Dionel  Art s Vídeo danzando con la muerte,0,aislado observado
video:go4jAhCJS0w,Así reaccionaría la guardia presidencial de la Saas en caso de una emergencia,0,aislado observado
video:hGOvuWe8P3Q,🔴ENTREGAN A NOROÑA ALITO NEGOCIA CON MONREAL PREPARAN MEGÁFONOS PORROS DEL PRIAN,0,aislado observado
video:hy0mwEHr6V0,MI3 será utilizado dentro de las evaluaciones a aspirantes a PNC,0,aislado observado
video:iBX5DMQSf3s,Conmemoramos el 153 Aniversario de la Escuela Politécnica y Día del cadete.,0,aislado observado
video:iCbGedZRRE8,Conferencia de Prensa del Gobierno de Guatemala. #LaRondaGT,0,aislado observado
video:iEmScdnYQdg,La nueva ruta que evita El Trébol,0,aislado observado
video:iWYddxEszoM,#EnVivoDCA | Conferencia de prensa del Gobierno de Guatemala,0,aislado observado
video:iacCQ4VyWWc,"Los conservadores y los liberales, Historia de Guatemala",0,aislado observado
video:ifJFNGT4azU,Podcast Guatemala Ahora Yo Se: Medidas De Seguridad Con el Lic. Ariel Yos y el Lic. Gabriel Quiñones,0,aislado observado
video:j4akBH678fw,El paso a desnivel Calzada Roosevelt lleva más conexión y mejor movilidad para la población.,0,aislado observado
video:jQGvhMPMuAI,#DiálogoCentral | El clima de la semana: adiós a la canícula ¿llegan las lluvias? 🌦️,0,aislado observado
video:jSw-nFh94qQ,Gobernación promueve espacios de sana convivencia,0,aislado observado
video:kaZgtwqwLrI,@rumzacapait @GobiernodeGuatemala,0,aislado observado
video:kjwvEESqSHA,¿VALE la PENA VIAJAR de GUATEMALA a  XELA en BUS?  Descúbrelo,0,aislado observado
video:l-mH80ygqFY,Avances en proyectos municipales por el desarrollo y bienestar en la ciudad.,0,aislado observado
video:lAsODhYGcTE,Gobierno busca a toda costa sacar a Consuelo Porras,0,aislado observado
video:lNuxq8OKCpc,Lluvias convierten calles en ríos en Villa Nueva y San Miguel Petapa,0,aislado observado
video:lYyGqHAL5nM,Comuna lanzó nueva imagen de la PM y PMT,0,aislado observado
video:lkdwGwrJKeM,🇬🇹 ¿Es seguro VIAJAR a Guatemala? Consejos prácticos para que todo te salga bien,0,aislado observado
video:mCoOL2p0il4,Municipalidad de Guatemala   08/08/2025,0,aislado observado
video:mPtR2HskBTE,Municipalidad de Guatemala   17/02/2025,0,aislado observado
video:mQH6bhmp_LY,Quorum: ¿Cómo investigamos la crisis del agua?,0,aislado observado
video:n31eyGuRKqo,El tráfico en Guatemala nos está enfermando - TanGente Salud Mental,0,aislado observado
video:n4xHxJPNr78,🚫LOS FAMOSOS BUSES ESMERALDA los mas RÁPIDOS DE GUATEMALA 😱,0,aislado observado
video:nKJhNH86HGE,Se realiza taller de UNICEF sobre el plan de acción de la política pública contra la violencia sexua,0,aislado observado
video:nPbC8-Ebat4,Pareja de sicarios capturada tras ataque armado contra piloto de autobús,0,aislado observado
video:ncOU7iZR5jY,Carlos Pineda y Andre Pozuelos | Seguridad II- Guatemala tiene solución | Ep. 3,0,aislado observado
video:nhhXiHI4rrw,Policía Nacional Civil participa en desfile del día del Ejército. #ProtegerYServir,0,aislado observado
video:nv6wMdQ997Q,PMT en todo,0,aislado observado
video:pNInRBsPbHE,Encuentro por el agua,0,aislado observado
video:qFsSnnRdJBg,Avanza construcción de la Estrategia Nacional de Datos Abiertos,0,aislado observado
video:qrdEegnTnaY,XVII Promoción de Brigadas PROVIAL,0,aislado observado
video:rNpBtQXUMbE,PMT es ejemplo en Guatemala,0,aislado observado
video:rQEb4el3Lok,"Policía Nacional Civil en busca de mareros, imitadores y colaboradores de grupos delictivos",0,aislado observado
video:rSQKmOX1Tfc,TU VIDA VALE  PROVIAL  TIEMPO AZUL & PAOLA PÉRLOP,0,aislado observado
video:rjFut_yJcr8,Ministro de CIV conversó sobre los retos  actuales de la infraestructura vial en Guatemala,0,aislado observado
video:s0eco-BofOs,¿Quiénes pagan más en Centroamérica?,1,hoja
video:sAPrXzrdstM,Funciones del Ministerio de Gobernación,0,aislado observado
video:soZMwC0Cj18,Lluvias causan inundaciones y deslizamiento en Alta Verapaz,0,aislado observado
video:tEfZlrP4L5I,#EnVivoDCA | Conferencia de Prensa del Gobierno de Guatemala,0,aislado observado
video:tK__qZZ-H5w,Conferencia de Prensa del Gobierno de Guatemala. #LaRondaGT,0,aislado observado
video:tXLhWHWGaao,Breve historia política de Guatemala,0,aislado observado
video:tb6LaOWGAIo,"Guía Definitiva para viajar a Guatemala 2026 🇬🇹 Qué ver, itinerarios, precios y consejos",0,aislado observado
video:tcAQGuuo_Uc,El Ministerio de Gobernación Guatemala  brinda conferencia de prensa.,0,aislado observado
video:tg2QuZFdn4c,🔴 En Vivo |  Sesión Solemne de Consejo de Gobierno en Limón,0,aislado observado
video:tmvTbeQNCTI,"Hoy SABRÁN Qué Grado ACADÉMICO Tenemos, Todos Son PROFESIONALES",0,aislado observado
video:tqcZFVSXARQ,¿Listo para decir tengo #MiPrimeraCasa? 🏠✨,0,aislado observado
video:vA6p51f14J4,Horarios especiales por celebraciones de fin de año,0,aislado observado
video:vCtk_0NzB3s,Clima en Guatemala esta semana: calor de hasta 39 °C y lluvias con tormentas,0,aislado observado
video:vDVXM8ODuzM,#EnVivoDCA | Conferencia de Prensa del Gobierno de Guatemala,0,aislado observado
video:vNUiF-stTdo,resumen de noticias,0,aislado observado
video:vp9MPfDG6AE,"Comunicado – COVIAL / Ministerio de Comunicaciones, Infraestructura y Vivienda",0,aislado observado
video:vqcF9RFMOLQ,"Ciudad de Guatemala, el mejor lugar para vivir",0,aislado observado
video:w57G_5jsqtU,Tráfico intenso por regreso a clases del sector público extiende horas pico en el área metropolitana,0,aislado observado
video:wS6yC3yOAeA,Noticiero El Informativo. Nuestra semana de resultados.,0,aislado observado
video:wVncmfsugww,"Spot Rendición de Cuentas, tercer cuatrimestre 2023 - 1",0,aislado observado
video:wYZPaJdVuhE,#LaCharla ¿Quién dirigirá el sistema portuario y qué decisiones debe tomar primero?,0,aislado observado
video:wm1f52Mvzag,Gloria Álvarez: ¿Podría ser la próxima presidenta de Guatemala?,0,aislado observado
video:wpYwX-bGoz0,CIV prioriza proyectos con potencial para generar desarrollo en Guatemala,0,aislado observado
video:x9TPnjUeuoo,VIDEO INSTITUCIONAL PROVIAL,0,aislado observado
video:xEcC_aMDhAk,MINGOB y COPADEH avanzan en la protección de personas defensoras de DDHH,0,aislado observado
video:xQgP0n8hVSI,"Primero te usan, y cuando ya no les sirves te desechan.",0,aislado observado
video:x_CB0ZRLQTA,Ricardo Quiñónez paga con nuestros impuestos netcenter,0,aislado observado
video:y8XMbMxMF8E,"Gracias a la inteligencia, coordinación y firmeza, se dió un duro golpe al crimen organizado",0,aislado observado
video:yCmBtmOm6nw,“¿DÓNDE ESTÁN?”: GOBIERNO IMPULSA MECANISMO PARA BUSCAR A DESAPARECIDOS DEL CONFLICTO ARMADO,0,aislado observado
video:zfJlUXRSaCU,Brief Political History of Guatemala,0,aislado observado
video:zweosulrwA8,Edén por Salud: empleo inclusivo para personas con discapacidad en Antigua | Super - Episodio 2,1,hoja
video:zyA0BpEYcQU,Discusión entre conductor y jefe de la PMT,0,aislado observado
