screen_name|created_at|text|retweet_count|favorite_count
realDonaldTrump|Fri Oct 13 17:41:36 +0000 2017|"\"Consumer confidence soars to highest level since 2004\"
?https://t.co/RvxCPAFI2A https://t.co/U8MS9K45fX"|10585|46061
realDonaldTrump|Fri Oct 13 17:07:15 +0000 2017|"In America, we don't worship government - we worship God. 
#ValuesVotersSummit https://t.co/YQ3iDlWylK"|19739|76122
realDonaldTrump|Fri Oct 13 16:30:28 +0000 2017|"I have no greater privilege than to serve as your Commander-in-Chief. HAPPY BIRTHDAY to the incredible men and women @USNavy!
#242NavyBday https://t.co/qcdB4U8CqA"|15576|69516
realDonaldTrump|Fri Oct 13 12:01:02 +0000 2017|The wonderful people of Puerto Rico, with their unmatched spirit, know how bad things were before the H's. I will always be with them!|11105|60034
realDonaldTrump|Fri Oct 13 11:51:30 +0000 2017|Hard to believe that the Democrats, who have gone so far LEFT that they are no longer recognizable, are fighting so hard for Sanctuary crime|21092|87762
realDonaldTrump|Fri Oct 13 11:14:12 +0000 2017|ObamaCare is a broken mess. Piece by piece we will now begin the process of giving America the great HealthCare it deserves!|14328|72126
realDonaldTrump|Fri Oct 13 11:10:30 +0000 2017|Sadly, they and others are Fake News, and the public is just beginning to figure it out! https://t.co/8B8AyA7V1s|10909|48597
realDonaldTrump|Fri Oct 13 09:36:54 +0000 2017|The Democrats ObamaCare is imploding. Massive subsidy payments to their pet insurance companies has stopped. Dems should call me to fix!|13076|60600
realDonaldTrump|Fri Oct 13 01:18:23 +0000 2017|It is time to take care of OUR COUNTRY, to rebuild OUR COMMUNITIES, and to protect our GREAT AMERICAN WORKERS! #TaxReform https://t.co/FEjGjT4xp9|15343|65292
realDonaldTrump|Fri Oct 13 00:12:59 +0000 2017|People are just now starting to find out how dishonest and disgusting (FakeNews) @NBCNews is. Viewers beware. May be worse than even @CNN!|20395|82148
realDonaldTrump|Thu Oct 12 20:19:32 +0000 2017|"Happy #NationalFarmersDay!
?https://t.co/dN39R1IMlA https://t.co/QbUG1pztaI"|10223|47528
realDonaldTrump|Thu Oct 12 18:17:40 +0000 2017|We need a tax system that is FAIR to working FAMILIES &amp; that encourages companies to STAY in AMERICA, GROW in AMERICA, and HIRE in AMERICA! https://t.co/DdI1yWi7YZ|14613|65093
realDonaldTrump|Thu Oct 12 17:06:26 +0000 2017|"The time has come to take action to IMPROVE access, INCREASE choices, and LOWER COSTS for HEALTHCARE! 
??https://t.co/mz5fdveTVh https://t.co/dDZLsKuNSe"|11991|49473
realDonaldTrump|Thu Oct 12 12:45:29 +0000 2017|The Fake News Is going all out in order to demean and denigrate! Such hatred!|15588|76067
realDonaldTrump|Thu Oct 12 11:07:00 +0000 2017|...We cannot keep FEMA, the Military &amp; the First Responders, who have been amazing (under the most difficult circumstances) in P.R. forever!|12381|61473
realDonaldTrump|Thu Oct 12 10:58:53 +0000 2017|...accountability say the Governor. Electric and all infrastructure was disaster before hurricanes. Congress to decide how much to spend....|9436|48352
realDonaldTrump|Thu Oct 12 10:49:42 +0000 2017|"\"Puerto Rico survived the Hurricanes, now a financial crisis looms largely of their own making.\" says Sharyl Attkisson. A total lack of....."|9438|44914
realDonaldTrump|Thu Oct 12 10:04:11 +0000 2017|Clips from tax speech and @seanhannity on @foxandfriends now. Have a great day!|6241|35816
realDonaldTrump|Thu Oct 12 00:40:57 +0000 2017|In even the darkest moments, the light of our people has shown through their goodness, their courage and their love. #USA?? https://t.co/8JK8aM2a1L|12565|57830
realDonaldTrump|Thu Oct 12 00:09:42 +0000 2017|Network news has become so partisan, distorted and fake that licenses must be challenged and, if appropriate, revoked. Not fair to public!|18646|82673
realDonaldTrump|Wed Oct 11 23:56:08 +0000 2017|Joining @SeanHannity tonight at 9pmE on @FoxNews. Enjoy! https://t.co/RCfiJus5Rw|5217|30246
realDonaldTrump|Wed Oct 11 23:28:49 +0000 2017|We need a tax system that is FAIR to working families &amp; that encourages companies to STAY in America, GROW in America, and HIRE in America?? https://t.co/u9ZgijgLE3|11506|53952
realDonaldTrump|Wed Oct 11 21:32:07 +0000 2017|I will be interviewed tonight on @FoxNews by @SeanHannity at 9pmE. Enjoy!|9576|54846
realDonaldTrump|Wed Oct 11 21:18:49 +0000 2017|"Join me LIVE at 5:45pmE from Harrisburg, Pennsylvania! 
#TaxReform #USA??
https://t.co/fDUEMpRTcE https://t.co/1mMjl1HNpl"|4763|26715
realDonaldTrump|Wed Oct 11 19:49:21 +0000 2017|Happy to announce we are awarding $1M to Las Vegas - in order to help local law enforcement working OT to respond to last Sunday?s tragedy.|17772|108984
realDonaldTrump|Wed Oct 11 13:55:44 +0000 2017|With all of the Fake News coming out of NBC and the Networks, at what point is it appropriate to challenge their License? Bad for country!|21353|93533
realDonaldTrump|Wed Oct 11 13:45:22 +0000 2017|"Fake @NBCNews made up a story that I wanted a \"tenfold\" increase in our U.S. nuclear arsenal. Pure fiction, made up to demean. NBC = CNN!"|17495|69519
realDonaldTrump|Wed Oct 11 10:47:10 +0000 2017|It is about time that Roger Goodell of the NFL is finally demanding that all players STAND for our great National Anthem-RESPECT OUR COUNTRY|18990|100343
realDonaldTrump|Wed Oct 11 10:36:37 +0000 2017|The Democrats want MASSIVE tax increases &amp; soft, crime producing borders.The Republicans want the biggest tax cut in history &amp; the WALL!|17999|80080
realDonaldTrump|Wed Oct 11 10:31:18 +0000 2017|It would be really nice if the Fake News Media would report the virtually unprecedented Stock Market growth since the election.Need tax cuts|14282|70502
realDonaldTrump|Wed Oct 11 10:26:50 +0000 2017|...if Congress gives us the massive tax cuts (and reform) I am asking for, those numbers will grow by leaps and bounds. #MAGA|10421|52177
realDonaldTrump|Wed Oct 11 10:21:15 +0000 2017|Stock Market has increased by 5.2 Trillion dollars since the election on November 8th, a 25% increase. Lowest unemployment in 16 years and..|16904|75680
realDonaldTrump|Wed Oct 11 01:21:43 +0000 2017|...fired. This story is totally made up by the dishonest media.The Chief is doing a FANTASTIC job for me and, more importantly, for the USA!|14500|72897
realDonaldTrump|Wed Oct 11 01:15:26 +0000 2017|The Fake News is at it again, this time trying to hurt one of the finest people I know, General John Kelly, by saying he will soon be.....|14641|65417
realDonaldTrump|Tue Oct 10 23:29:47 +0000 2017|"My great honor to host the 2017 back-to-back #StanleyCup Champion Pittsburgh Penguins at the WH with @FLOTUS today!
https://t.co/qyT4bcHVuR https://t.co/rBwGmhMnPX"|13132|62769
realDonaldTrump|Tue Oct 10 12:50:55 +0000 2017|The Failing @nytimes set Liddle' Bob Corker up by recording his conversation. Was made to sound a fool, and that's what I am dealing with!|13538|58793
realDonaldTrump|Tue Oct 10 12:13:54 +0000 2017|"Highly respected author, Christopher Bedford, just came out with book, \"The Art of the Donald, Lessons from America's....\" Really good book!"|10613|55361
realDonaldTrump|Tue Oct 10 10:42:23 +0000 2017|"With Jemele Hill at the mike, it is no wonder ESPN ratings have \"tanked,\" in fact, tanked so badly it is the talk of the industry!"|18656|90559
realDonaldTrump|Tue Oct 10 10:30:28 +0000 2017|Since Congress can't get its act together on HealthCare, I will be using the power of the pen to give great HealthCare to many people - FAST|20917|94546
realDonaldTrump|Tue Oct 10 10:18:34 +0000 2017|The problem with agreeing to a policy on immigration is that the Democrats don't want secure borders,they don't care about safety for U.S.A.|20621|82040
realDonaldTrump|Tue Oct 10 10:13:47 +0000 2017|Why is the NFL getting massive tax breaks while at the same time disrespecting our Anthem, Flag and Country? Change tax law!|30628|132165
realDonaldTrump|Tue Oct 10 01:51:32 +0000 2017|"A big salute to Jerry Jones, owner of the Dallas Cowboys, who will BENCH players who disrespect our Flag.\"Stand for Anthem or sit for game!\""|32253|158740
realDonaldTrump|Mon Oct 09 18:35:04 +0000 2017|"\"President Donald J. Trump Proclaims October 9, 2017, as #ColumbusDay\" https://t.co/cbQRst4lN4"|15118|65215
realDonaldTrump|Mon Oct 09 11:05:13 +0000 2017|The trip by @VP Pence was long planned. He is receiving great praise for leaving game after the players showed such disrespect for country!|19347|103763
realDonaldTrump|Mon Oct 09 10:50:34 +0000 2017|Our country has been unsuccessfully dealing with North Korea for 25 years, giving billions of dollars &amp; getting nothing. Policy didn't work!|20016|102317
realDonaldTrump|Sun Oct 08 23:58:43 +0000 2017|"\"The Republican Party is racking up record amounts of small dollar donations - fueled by Trump supporters.....\"   @nypost  Thank you!"|13593|71573
realDonaldTrump|Sun Oct 08 23:37:34 +0000 2017|Nobody could have done what I?ve done for #PuertoRico with so little appreciation. So much work! https://t.co/k2jAkIpfjI|18383|73722
realDonaldTrump|Sun Oct 08 20:51:57 +0000 2017|Bob Corker gave us the Iran Deal, &amp; that's about it. We need HealthCare, we need Tax Cuts/Reform, we need people that can get the job done!|17121|76455
realDonaldTrump|Sun Oct 08 19:49:32 +0000 2017|FEMA and first responders are working hard (yet again) on Hurricane Nate. Military helping. Very much under control!|10802|62895
realDonaldTrump|Sun Oct 08 18:16:16 +0000 2017|I asked @VP Pence to leave stadium if any players kneeled, disrespecting our country. I am proud of him and @SecondLady Karen.|25907|128002
realDonaldTrump|Sun Oct 08 14:13:19 +0000 2017|...Hence, I would fully expect Corker to be a negative voice and stand in the way of our great agenda. Didn't have the guts to run!|12721|62721
realDonaldTrump|Sun Oct 08 14:09:00 +0000 2017|"..my endorsement). He also wanted to be Secretary of State, I said \"NO THANKS.\" He is also largely responsible for the horrendous Iran Deal!"|12242|59571
realDonaldTrump|Sun Oct 08 13:59:58 +0000 2017|"Senator Bob Corker \"begged\" me to endorse him for re-election in Tennessee. I said \"NO\" and he dropped out (said he could not win without..."|14399|67629
realDonaldTrump|Sun Oct 08 13:49:11 +0000 2017|"#LasVegasStrong #USA??
?https://t.co/4iGwdL4kia"|6097|34883
realDonaldTrump|Sat Oct 07 21:41:01 +0000 2017|Leaving the White House for the Great State of North Carolina. Big progress being made on many fronts!|11248|72209
realDonaldTrump|Sat Oct 07 20:33:31 +0000 2017|Thanks for your support! https://t.co/iqUM1RfQso|12552|58358
realDonaldTrump|Sat Oct 07 19:45:10 +0000 2017|...hasn't worked, agreements violated before the ink was dry, makings fools of U.S. negotiators. Sorry, but only one thing will work!|16412|71860
realDonaldTrump|Sat Oct 07 19:40:17 +0000 2017|Presidents and their administrations have been talking to North Korea for 25 years, agreements made and massive amounts of money paid......|16603|68920
realDonaldTrump|Sat Oct 07 19:31:42 +0000 2017|Will be joining @GovMikeHuckabee tonight at 8pmE on @TBN. Enjoy! https://t.co/Y5hGPpYZfl|7094|33949
realDonaldTrump|Sat Oct 07 14:04:39 +0000 2017|Our great team at @FEMA is prepared for #HurricaneNate. Everyone in LA, MS, AL, and FL please listen to your local authorities &amp; be safe!|13162|63177
realDonaldTrump|Sat Oct 07 13:24:48 +0000 2017|.@NBCNews is so knowingly inaccurate with their reporting. The good news is that the PEOPLE get it, which is really all that matters! Not #1|14572|69518
realDonaldTrump|Sat Oct 07 12:17:47 +0000 2017|I called Chuck Schumer yesterday to see if the Dems want to do a great HealthCare Bill. ObamaCare is badly broken, big premiums. Who knows!|11992|65886
realDonaldTrump|Sat Oct 07 12:04:05 +0000 2017|More and more people are suggesting that Republicans (and me) should be given Equal Time on T.V. when you look at the one-sided coverage?|16895|88990
realDonaldTrump|Sat Oct 07 12:00:18 +0000 2017|"Late Night host are dealing with the Democrats for their very \"unfunny\" &amp; repetitive material, always anti-Trump! Should we get Equal Time?"|13492|71275
realDonaldTrump|Sat Oct 07 11:11:50 +0000 2017|...contributions. The RNC is taking in far more $'s than the Dems, and much of it by my wonderful small donors. I am working hard for them!|11539|63634
realDonaldTrump|Sat Oct 07 11:05:56 +0000 2017|"Can't believe I finally got a good story in the @washingtonpost. It discusses the enthusiasm of \"Trump\" voters through campaign...."|12650|63648
realDonaldTrump|Fri Oct 06 01:58:27 +0000 2017|Ralph Northam,who is running for Governor of Virginia,is fighting for the violent MS-13 killer gangs &amp; sanctuary cities.  Vote Ed Gillespie!|24155|87630
realDonaldTrump|Thu Oct 05 11:50:56 +0000 2017|Rex Tillerson never threatened to resign. This is Fake News put out by @NBCNews. Low news and reporting standards. No verification from me.|17378|75286
realDonaldTrump|Thu Oct 05 11:09:50 +0000 2017|Stock Market hits an ALL-TIME high! Unemployment lowest in 16 years! Business and manufacturing enthusiasm at highest level in decades!|34144|150289
realDonaldTrump|Thu Oct 05 10:59:40 +0000 2017|Why Isn't the Senate Intel Committee looking into the Fake News Networks in OUR country to see why so much of our news is just made up-FAKE!|21570|88257
realDonaldTrump|Thu Oct 05 10:46:02 +0000 2017|Thank you! https://t.co/YMuqSvvTSB|10091|56448
realDonaldTrump|Thu Oct 05 10:44:19 +0000 2017|So wonderful to be in Las Vegas yesterday and meet with people, from police to doctors to the victims themselves, who I will never forget!|14286|95399
realDonaldTrump|Thu Oct 05 01:08:28 +0000 2017|On behalf of a GRATEFUL NATION, THANK YOU to all of the First Responders (HEROES) who saved countless lives in Las Vegas on Sunday night. https://t.co/ZxuMYWnNHv|22116|106084
realDonaldTrump|Wed Oct 04 23:36:37 +0000 2017|WE LOVE YOU LAS VEGAS! https://t.co/nxRWeR1gEz|22181|92797
realDonaldTrump|Wed Oct 04 15:49:17 +0000 2017|I will be landing in Las Vegas shortly to pay my respects with @FLOTUS Melania. Everyone remains in our thoughts and prayers.|12678|86801
realDonaldTrump|Wed Oct 04 15:18:28 +0000 2017|The @NBCNews story has just been totally refuted by Sec. Tillerson and @VP Pence. It is #FakeNews. They should issue an apology to AMERICA!|16876|66054
realDonaldTrump|Wed Oct 04 14:47:53 +0000 2017|NBC news is #FakeNews and more dishonest than even CNN. They are a disgrace to good reporting. No wonder their news ratings are way down!|20359|90530
realDonaldTrump|Wed Oct 04 11:29:43 +0000 2017|Wow, so many Fake News stories today. No matter what I do or say, they will not write or speak truth. The Fake News Media is out of control!|35358|148498
realDonaldTrump|Wed Oct 04 10:25:58 +0000 2017|A great day in Puerto Rico yesterday. While some of the news coverage is Fake, most showed great warmth and friendship.|13917|84034
realDonaldTrump|Wed Oct 04 00:53:10 +0000 2017|My Administration will continue to work around the clock with Governor @RicardoRossello &amp; his team. Great progress being made! #PRStrong?? https://t.co/1aL9YrwTvC|13665|64780
realDonaldTrump|Wed Oct 04 00:20:48 +0000 2017|"It is a \"miracle\" how fast the Las Vegas Metropolitan Police were able to find the demented shooter and stop him from even more killing!"|15437|99517
realDonaldTrump|Tue Oct 03 23:02:51 +0000 2017|So proud of @FEMA, Military, and First Responders! Thank you! https://t.co/kWVMqVelri|11503|56980
realDonaldTrump|Tue Oct 03 21:59:58 +0000 2017|Great meeting with Governor Mapp of the #USVI. He is very thankful for the great job done by @FEMA and First Responders. https://t.co/AtBGEpDF9C|6895|37219
realDonaldTrump|Tue Oct 03 21:22:19 +0000 2017|Leaving Puerto Rico now for D.C. Will be in Las Vegas early tomorrow to pay my respects. Everyone is in my thoughts and prayers. https://t.co/dBvZUIUfr0|12987|71046
realDonaldTrump|Tue Oct 03 11:40:47 +0000 2017|I am so proud of our great Country. God bless America!|40291|202685
realDonaldTrump|Mon Oct 02 11:11:37 +0000 2017|My warmest condolences and sympathies to the victims and families of the terrible Las Vegas shooting. God bless you!|70057|303126
realDonaldTrump|Mon Oct 02 01:22:34 +0000 2017|Congratulations to #TeamUSA???on your great @PresidentsCup victory! https://t.co/fZeP1e9mo7|11363|66478
realDonaldTrump|Sun Oct 01 19:01:19 +0000 2017|Being nice to Rocket Man hasn't worked in 25 years, why would it work now? Clinton failed, Bush failed, and Obama failed. I won't fail.|45054|180242
realDonaldTrump|Sun Oct 01 14:31:15 +0000 2017|...Save your energy Rex, we'll do what has to be done!|12952|59412
realDonaldTrump|Sun Oct 01 14:30:59 +0000 2017|I told Rex Tillerson, our wonderful Secretary of State, that he is wasting his time trying to negotiate with Little Rocket Man...|23957|97451
realDonaldTrump|Sun Oct 01 12:30:17 +0000 2017|...for safety. Thank you to the Governor of P.R. and to all of those who are working so closely with our First Responders. Fantastic job!|13209|72233
realDonaldTrump|Sun Oct 01 12:26:26 +0000 2017|...people are now starting to recognize the amazing work that has been done by FEMA and our great Military. All buildings now inspected.....|14891|76623
realDonaldTrump|Sun Oct 01 12:22:14 +0000 2017|We have done a great job with the almost impossible situation in Puerto Rico. Outside of the Fake News or politically motivated ingrates,...|16947|77759
realDonaldTrump|Sun Oct 01 02:08:00 +0000 2017|19,000 RESPECTING our National Anthem! #StandForOurAnthem?? https://t.co/czutyGaMQV|29659|110891
realDonaldTrump|Sat Sep 30 23:24:18 +0000 2017|In analyzing the Alabama Primary race,FAKE NEWS always fails to mention that the candidate I endorsed went up MANY points after endorsement!|6841|44845
realDonaldTrump|Sat Sep 30 22:46:47 +0000 2017|Because of #FakeNews my people are not getting the credit they deserve for doing a great job. As seen here, they are ALL doing a GREAT JOB! https://t.co/1ltW2t3rwy|29902|88466
realDonaldTrump|Sat Sep 30 22:26:55 +0000 2017|Very important that NFL players STAND tomorrow, and always, for the playing of our National Anthem. Respect our Flag and our Country!|25392|118944
realDonaldTrump|Sat Sep 30 22:15:02 +0000 2017|I will be in PR on Tues. to further ensure we continue doing everything possible to assist &amp; support the people in their time of great need.|12190|63796
realDonaldTrump|Sat Sep 30 20:37:10 +0000 2017|Results of recovery efforts will speak much louder than complaints by San Juan Mayor. Doing everything we can to help great people of PR!|16353|73220
realDonaldTrump|Sat Sep 30 19:57:29 +0000 2017|We must all be united in offering assistance to everyone suffering in Puerto Rico and elsewhere in the wake of this terrible disaster.|12961|64287
realDonaldTrump|Sat Sep 30 19:56:46 +0000 2017|"@ricardorossello ......#FakeNews critics are working overtime, but we're getting great marks from the people that truly matter! 
#PRStrong??"|7225|33999
realDonaldTrump|Sat Sep 30 19:55:20 +0000 2017|My Administration, Governor @RicardoRossello, and many others are working together to help the people of Puerto Rico in every way...|9147|43914
realDonaldTrump|Sat Sep 30 19:53:51 +0000 2017|"To the people of Puerto Rico:
Do not believe the #FakeNews!
#PRStrong??"|14746|60004
realDonaldTrump|Sat Sep 30 19:43:54 +0000 2017|Congresswoman Jennifer Gonzalez-Colon of Puerto Rico has been wonderful to deal with and a great representative of the people. Thank you!|12044|59310
realDonaldTrump|Sat Sep 30 19:30:17 +0000 2017|Just spoke to Governor Kenneth Mapp of the U.S. Virgin Islands who stated that #FEMA and Military are doing a GREAT job! Thank you Governor!|12527|57661
realDonaldTrump|Sat Sep 30 19:19:36 +0000 2017|The Governor of Puerto Rico, Ricardo Rossello, is a great guy and leader who is really working hard. Thank you Ricky!|13077|63110
realDonaldTrump|Sat Sep 30 18:04:59 +0000 2017|Despite the Fake News Media in conjunction with the Dems, an amazing job is being done in Puerto Rico. Great people!|15653|73027
realDonaldTrump|Sat Sep 30 12:07:09 +0000 2017|The Fake News Networks are working overtime in Puerto Rico doing their best to take the spirit away from our soldiers and first R's. Shame!|22866|86315
realDonaldTrump|Sat Sep 30 11:55:46 +0000 2017|I will be going to Puerto Rico on Tuesday with Melania. Will hopefully be able to stop at the U.S. Virgin Islands (people working hard).|12824|65519
realDonaldTrump|Sat Sep 30 11:48:36 +0000 2017|"Fake News CNN and NBC are going out of their way to disparage our great First Responders as a way to \"get Trump.\" Not fair to FR or effort!"|19335|76120
realDonaldTrump|Sat Sep 30 11:33:59 +0000 2017|The military and first responders, despite no electric, roads, phones etc., have done an amazing job. Puerto Rico was totally destroyed.|12711|58941
realDonaldTrump|Sat Sep 30 11:29:47 +0000 2017|...want everything to be done for them when it should be a community effort. 10,000 Federal workers now on Island doing a fantastic job.|14512|65415
realDonaldTrump|Sat Sep 30 11:26:16 +0000 2017|...Such poor leadership ability by the Mayor of San Juan, and others in Puerto Rico, who are not able to get their workers to help. They....|14142|52953
realDonaldTrump|Sat Sep 30 11:19:14 +0000 2017|The Mayor of San Juan, who was very complimentary only a few days ago, has now been told by the Democrats that you must be nasty to Trump.|20134|65913
realDonaldTrump|Fri Sep 29 23:03:31 +0000 2017|@IMPDnews @POTUS THANK YOU to the amazing Indianapolis Metropolitan Police Department and all law enforcement officers, for all you do 24/7/365! #LESM https://t.co/XFqxbMBEbP|1427|4198
realDonaldTrump|Fri Sep 29 22:23:31 +0000 2017|"Join me for my #WeeklyAddress??
https://t.co/QeeKnFuHue https://t.co/NnM2jOkEs0"|5958|27536
realDonaldTrump|Fri Sep 29 22:10:07 +0000 2017|My thoughts are with all those observing Yom Kippur, the holiest day of the Jewish year. https://t.co/0LuZCZl29D|11096|50378
realDonaldTrump|Fri Sep 29 20:02:02 +0000 2017|Thank you @ShopFloorNAM. An honor to be with you today. Great news! Manufacturers report record-high economic optimism in 2017. #TaxReform https://t.co/4sgMWGotOF|5993|29735
realDonaldTrump|Fri Sep 29 17:45:07 +0000 2017|This week we came one step closer to reaching the goal of aligning the skills taught in our nation?s classrooms with the jobs of the future. https://t.co/9s1ggeIJJ5|9707|47808
realDonaldTrump|Fri Sep 29 13:39:53 +0000 2017|RECORD HIGH FOR S &amp; P 500!|10538|56660
realDonaldTrump|Fri Sep 29 13:30:27 +0000 2017|Thank you to FEMA, our great Military &amp; all First Responders who are working so hard,against terrible odds,in Puerto Rico. See you Tuesday!|13188|69102
realDonaldTrump|Fri Sep 29 11:18:55 +0000 2017|...The fact is that Puerto Rico has been destroyed by two hurricanes. Big decisions will have to be made as to the cost of its rebuilding!|10572|54769
realDonaldTrump|Fri Sep 29 11:14:57 +0000 2017|"Puerto Rico Governor Ricardo Rossello just stated: \"The Administration and the President, every time we've spoken, they've delivered......"|14795|63974
realDonaldTrump|Fri Sep 29 02:22:36 +0000 2017|GDP was revised upward to 3.1 for last quarter. Many people thought it would be years before that happened. We have just begun!|20489|86682
realDonaldTrump|Fri Sep 29 00:03:09 +0000 2017|"Puerto Rico is devastated. Phone system, electric grid many roads, gone. FEMA and First Responders are amazing. Governor said \"great job!\""|12629|62027
realDonaldTrump|Thu Sep 28 23:45:24 +0000 2017|...really hard to help but many have lost their homes. Military is now on site and I will be there Tuesday. Wish press would treat fairly!|13344|70393
realDonaldTrump|Thu Sep 28 23:41:58 +0000 2017|FEMA &amp; First Responders are doing a GREAT job in Puerto Rico. Massive food &amp; water delivered. Docks &amp; electric grid dead. Locals trying....|10272|52019
realDonaldTrump|Thu Sep 28 19:39:13 +0000 2017|"Welcome back @SteveScalise!
#TeamScalise https://t.co/CoRed8rfL2"|13422|63094
realDonaldTrump|Thu Sep 28 14:01:16 +0000 2017|The electric power grid in Puerto Rico is totally shot. Large numbers of generators are now on Island. Food and water on site.|16738|82264
realDonaldTrump|Thu Sep 28 11:55:48 +0000 2017|Democrats don't want massive tax cuts - how does that win elections? Great reviews for Tax Cut and Reform Bill.|16433|74952
realDonaldTrump|Thu Sep 28 01:55:05 +0000 2017|It is time to take care of OUR people, to rebuild OUR NATION, and to fight for OUR GREAT AMERICAN WORKERS! #TaxReform #USA?? https://t.co/LsZvHg3got|16526|72223
realDonaldTrump|Wed Sep 27 23:42:57 +0000 2017|This is the right TAX CUT @ the RIGHT TIME. We will ALL succeed &amp; grow TOGETHER ? as one team, one people, &amp; one American family. #TaxReform https://t.co/rtLWANJjIQ|13908|58572
realDonaldTrump|Wed Sep 27 19:07:02 +0000 2017|Just arrived in Indianapolis, Indiana to make an announcement on #TaxReform! Together, we are going to MAKE AMERICA GREAT AGAIN! https://t.co/Dy9UwhkWHL|10120|56393
realDonaldTrump|Wed Sep 27 13:41:25 +0000 2017|..But the people were Pro-Trump! Virtually no President has accomplished what we have accomplished in the first 9 months-and economy roaring|17503|91372
realDonaldTrump|Wed Sep 27 13:36:24 +0000 2017|Facebook was always anti-Trump.The Networks were always anti-Trump hence,Fake News, @nytimes(apologized) &amp; @WaPo were anti-Trump. Collusion?|15196|63055
realDonaldTrump|Wed Sep 27 11:36:21 +0000 2017|We will have the votes for Healthcare but not for the reconciliation deadline of Friday, after which we need 60. Get rid of Filibuster Rule!|12421|61305
realDonaldTrump|Wed Sep 27 11:32:13 +0000 2017|With one Yes vote in hospital &amp; very positive signs from Alaska and two others (McCain is out), we have the HCare Vote, but not for Friday!|9425|51813
realDonaldTrump|Wed Sep 27 11:09:02 +0000 2017|Spoke to Jerry Jones of the Dallas Cowboys yesterday. Jerry is a winner who knows how to get things done. Players will stand for Country!|16309|88370
realDonaldTrump|Wed Sep 27 10:56:53 +0000 2017|Spoke to Roy Moore of Alabama last night for the first time. Sounds like a really great guy who ran a fantastic race. He will help to #MAGA!|14137|60112
realDonaldTrump|Wed Sep 27 02:17:15 +0000 2017|Congratulations to Roy Moore on his Republican Primary win in Alabama. Luther Strange started way back &amp; ran a good race. Roy, WIN in Dec!|16313|83273
realDonaldTrump|Wed Sep 27 01:15:55 +0000 2017|Even Usain Bolt from Jamaica, one of the greatest runners and athletes of all time, showed RESPECT for our National Anthem! ???? https://t.co/zkenuAP9RS|41074|139464
realDonaldTrump|Wed Sep 27 00:30:55 +0000 2017|70 years ago today, the National Security Council met for the first time. Great history of advising Presidents-then &amp; now! Thanks NSC Staff!|8158|52221
realDonaldTrump|Tue Sep 26 23:46:12 +0000 2017|Thank you to our wonderful team @USUN and their families. Keep up the GREAT work! #USA?? https://t.co/s7KhlSMEqY|5939|32583
realDonaldTrump|Tue Sep 26 22:43:24 +0000 2017|It was an honor to welcome President @MarianoraJoy of Spain. Thank you for standing w/ us in our efforts to isolate the brutal #NoKo regime. https://t.co/43U4T34JgF|8006|37706
realDonaldTrump|Tue Sep 26 22:32:25 +0000 2017|I want to express our support and extend our prayers to all those affected by the vile terror attack in Spain last month. ???? https://t.co/5mT0QXFlnL|8066|44696
realDonaldTrump|Tue Sep 26 21:34:20 +0000 2017|America's hearts &amp; prayers are with the people of #PuertoRico &amp; the #USVI. We will get through this - and we will get through this TOGETHER! https://t.co/NcmsF4Fqpr|9885|44545
realDonaldTrump|Tue Sep 26 20:43:27 +0000 2017|Heading over to the @UN to meet with Ambassador @NikkiHaley and all of her great representatives! #USA??|6513|41491
realDonaldTrump|Tue Sep 26 16:13:46 +0000 2017|Honored to welcome Republican and Democrat members of the House Ways and Means Committee to the White House today! #USA?? https://t.co/nWnX9CDP0d|6519|36142
realDonaldTrump|Tue Sep 26 13:06:05 +0000 2017|The NFL has all sorts of rules and regulations. The only way out for them is to set a rule that you can't kneel during our National Anthem!|18271|84407
realDonaldTrump|Tue Sep 26 12:13:00 +0000 2017|Thank you to Carmen Yulin Cruz, the Mayor of San Juan, for your kind words on FEMA etc.We are working hard. Much food and water there/on way|13151|64268
realDonaldTrump|Tue Sep 26 11:14:41 +0000 2017|Great interview on @foxandfriends with the parents of Otto Warmbier: 1994 - 2017. Otto was tortured beyond belief by North Korea.|11621|47328
realDonaldTrump|Tue Sep 26 10:47:49 +0000 2017|But while Dallas dropped to its knees as a team, they all stood up for our National Anthem. Big progress being made-we all love our country!|14213|81839
realDonaldTrump|Tue Sep 26 10:35:43 +0000 2017|The booing at the NFL football game last night, when the entire Dallas team dropped to its knees, was loudest I have ever heard. Great anger|20671|107453
realDonaldTrump|Tue Sep 26 10:28:24 +0000 2017|Ratings for NFL football are way down except before game starts, when people tune in to see whether or not our country will be disrespected!|17135|85731
realDonaldTrump|Tue Sep 26 01:24:10 +0000 2017|A few of the many clips of John McCain talking about Repealing &amp; Replacing O'Care. My oh my has he changed-complete turn from years of talk! https://t.co/t9cXG2Io86|28173|74057
realDonaldTrump|Tue Sep 26 00:58:50 +0000 2017|...owed to Wall Street and the banks which, sadly, must be dealt with. Food, water and medical are top priorities - and doing well. #FEMA|7697|38385
realDonaldTrump|Tue Sep 26 00:50:40 +0000 2017|...It's old electrical grid, which was in terrible shape, was devastated. Much of the Island was destroyed, with billions of dollars....|8450|41099
realDonaldTrump|Tue Sep 26 00:45:48 +0000 2017|Texas &amp; Florida are doing great but Puerto Rico, which was already suffering from broken infrastructure &amp; massive debt, is in deep trouble..|12515|55056
realDonaldTrump|Mon Sep 25 22:29:18 +0000 2017|"Tremendous backlash against the NFL and its players for disrespect of our Country.
#StandForOurAnthem??"|24835|105905
realDonaldTrump|Mon Sep 25 22:28:02 +0000 2017|General John Kelly totally agrees w/ my stance on NFL players and the fact that they should not be disrespecting our FLAG or GREAT COUNTRY!|20541|101723
realDonaldTrump|Mon Sep 25 22:26:30 +0000 2017|.@CNN is #FakeNews. Just reported COS (John Kelly) was opposed to my stance on NFL players disrespecting FLAG, ANTHEM, COUNTRY. Total lie!|16015|61872
realDonaldTrump|Mon Sep 25 13:02:27 +0000 2017|#StandForOurAnthem|69739|198193
realDonaldTrump|Mon Sep 25 11:44:05 +0000 2017|The White House never looked more beautiful than it did returning last night. Important meetings taking place today. Big tax cuts &amp; reform.|13113|79971
realDonaldTrump|Mon Sep 25 11:39:03 +0000 2017|The issue of kneeling has nothing to do with race. It is about respect for our Country, Flag and National Anthem. NFL must respect this!|52428|197314
realDonaldTrump|Mon Sep 25 11:31:43 +0000 2017|Many people booed the players who kneeled yesterday (which was a small percentage of total). These are fans who demand respect for our Flag!|22825|130991
realDonaldTrump|Mon Sep 25 11:25:25 +0000 2017|So proud of NASCAR and its supporters and fans. They won't put up with disrespecting our Country or our Flag - they said it loud and clear!|33795|165200
realDonaldTrump|Sun Sep 24 23:49:43 +0000 2017|"Making America Safe is my number one priority. We will not admit those into our country we cannot safely vet.
https://t.co/KJ886okyfC"|21499|93624
realDonaldTrump|Sun Sep 24 22:25:20 +0000 2017|Sports fans should never condone players that do not stand proud for their National Anthem or their Country. NFL should change policy!|37407|165504
realDonaldTrump|Sun Sep 24 22:21:43 +0000 2017|Alaska, Arizona, Maine and Kentucky are big winners in the Healthcare proposal. 7 years of Repeal &amp; Replace and some Senators not there.|11695|60153
realDonaldTrump|Sun Sep 24 19:32:21 +0000 2017|Courageous Patriots have fought and died for our great American Flag --- we MUST honor and respect it!  MAKE AMERICA GREAT AGAIN!|49363|189676
realDonaldTrump|Sun Sep 24 18:24:36 +0000 2017|Please to inform that the Champion Pittsburgh Penguins of the NHL will be joining me at the White House for Ceremony. Great team!|31271|154442
realDonaldTrump|Sun Sep 24 18:20:35 +0000 2017|Great solidarity for our National Anthem and for our Country. Standing with locked arms is good, kneeling is not acceptable. Bad ratings!|25627|129000
realDonaldTrump|Sun Sep 24 11:13:11 +0000 2017|...NFL attendance and ratings are WAY DOWN. Boring games yes, but many stay away because they love our country. League should back U.S.|31219|149425
realDonaldTrump|Sun Sep 24 10:44:52 +0000 2017|If NFL fans refuse to go to games until players stop disrespecting our Flag &amp; Country, you will see change take place fast. Fire or suspend!|41881|170623
realDonaldTrump|Sun Sep 24 03:08:07 +0000 2017|Just heard Foreign Minister of North Korea speak at U.N. If he echoes thoughts of Little Rocket Man, they won't be around much longer!|34269|127265
realDonaldTrump|Sat Sep 23 22:25:17 +0000 2017|Roger Goodell of NFL just put out a statement trying to justify the total disrespect certain players show to our country.Tell them to stand!|37921|147809
realDonaldTrump|Sat Sep 23 22:20:47 +0000 2017|"Democrats are laughingly saying that McCain had a \"moment of courage.\" Tell that to the people of Arizona who were deceived. 116% increase!"|24976|99678
realDonaldTrump|Sat Sep 23 21:59:04 +0000 2017|Iran just test-fired a Ballistic Missile capable of reaching Israel.They are also working with North Korea.Not much of an agreement we have!|26732|92826
realDonaldTrump|Sat Sep 23 21:16:51 +0000 2017|Very proud of our incredible First Lady (@FLOTUS.) She is a truly great representative for our country! https://t.co/yFv0WIjgby|17353|97980
realDonaldTrump|Sat Sep 23 18:18:19 +0000 2017|...our Great American Flag (or Country) and should stand for the National Anthem. If not, YOU'RE FIRED. Find something else to do!|38996|153220
realDonaldTrump|Sat Sep 23 18:11:10 +0000 2017|If a player wants the privilege of making millions of dollars in the NFL,or other leagues, he or she should not be allowed to disrespect....|44021|174849
realDonaldTrump|Sat Sep 23 12:45:19 +0000 2017|Going to the White House is considered a great honor for a championship team.Stephen Curry is hesitating,therefore invitation is withdrawn!|59705|202715
realDonaldTrump|Sat Sep 23 11:17:05 +0000 2017|It was great being with Luther Strange last night in Alabama. What great people, what a crowd! Vote Luther on Tuesday.|6552|42992
realDonaldTrump|Sat Sep 23 11:13:35 +0000 2017|Alaska had a 200% plus increase in premiums under ObamaCare, worst in the country. Deductibles high, people angry! Lisa M comes through.|13892|61387
realDonaldTrump|Sat Sep 23 11:04:21 +0000 2017|I know Rand Paul and I think he may find a way to get there for the good of the Party!|9698|55389
realDonaldTrump|Sat Sep 23 10:59:12 +0000 2017|Large Block Grants to States is a good thing to do. Better control &amp;  management. Great for Arizona. McCain let his best friend L.G. down!|10069|52073
realDonaldTrump|Sat Sep 23 10:50:14 +0000 2017|Arizona had a 116% increase in ObamaCare premiums last year, with deductibles very high. Chuck Schumer sold John McCain a bill of goods. Sad|15280|62855
realDonaldTrump|Sat Sep 23 10:42:42 +0000 2017|John McCain never had any intention of voting for this Bill, which his Governor loves. He campaigned on Repeal &amp; Replace. Let Arizona down!|20627|82449
realDonaldTrump|Fri Sep 22 21:18:37 +0000 2017|Heading to Alabama now, big crowd!|7553|57581
realDonaldTrump|Fri Sep 22 17:54:59 +0000 2017|Thank you to Doug Parker and American Airlines for all of the help you have given to the U.S. with Hurricane flights. Fantastic job!|12603|74959
realDonaldTrump|Fri Sep 22 16:25:12 +0000 2017|#USAatUNGA??#UNGA https://t.co/miT2Lj7Q90|8517|38084
realDonaldTrump|Fri Sep 22 11:39:28 +0000 2017|Will be in Alabama tonight. Luther Strange has gained mightily since my endorsement, but will be very close. He loves Alabama, and so do I!|6855|43802
realDonaldTrump|Fri Sep 22 11:26:06 +0000 2017|"The greatest influence over our election was the Fake News Media \"screaming\" for Crooked Hillary Clinton. Next, she was a bad candidate!"|18002|84987
realDonaldTrump|Fri Sep 22 10:44:47 +0000 2017|The Russia hoax continues, now it's ads on Facebook. What about the totally biased and dishonest Media coverage in favor of Crooked Hillary?|24841|99097
realDonaldTrump|Fri Sep 22 10:30:06 +0000 2017|Thank you! https://t.co/hlz48RLkIf|10113|53361
realDonaldTrump|Fri Sep 22 10:28:02 +0000 2017|Kim Jong Un of North Korea, who is obviously a madman who doesn't mind starving or killing his people, will be tested like never before!|38493|123318
realDonaldTrump|Fri Sep 22 10:19:36 +0000 2017|"Rand Paul, or whoever votes against Hcare Bill, will forever (future political campaigns) be known as \"the Republican who saved ObamaCare.\""|13471|57978
realDonaldTrump|Thu Sep 21 22:26:29 +0000 2017|A big day for the U.S. at the United Nations!|11243|70601
realDonaldTrump|Thu Sep 21 22:23:44 +0000 2017|Senator Luther Strange has gone up a lot in the polls since I endorsed him a month ago. Now a close runoff. He will be great in D.C.|6452|41554
realDonaldTrump|Thu Sep 21 17:58:30 +0000 2017|Today, I announced a new Executive Order with re: to North Korea. We must all do our part to ensure the complete denuclearization of #NoKo. https://t.co/igjOSM7N7h|16755|65106
realDonaldTrump|Thu Sep 21 16:06:32 +0000 2017|"It was a great privilege to meet with President Moon of South Korea.
Stay tuned! ????#UNGA https://t.co/7xYDO5ddUm"|8389|42645
realDonaldTrump|Thu Sep 21 15:17:42 +0000 2017|"It was wonderful to have President Petro Poroshenko of Ukraine with us in New York City today. #UNGA
?https://t.co/UKOMUj0ZuL https://t.co/GpkERy8WiP"|5946|29628
realDonaldTrump|Thu Sep 21 15:15:19 +0000 2017|It was a pleasure to have President Ashraf Ghani of Afghanistan with us this morning! #USAatUNGA #UNGA https://t.co/HOEVfnMn14|6275|33717
realDonaldTrump|Thu Sep 21 03:13:07 +0000 2017|"Governor @RicardoRossello- 
We are with you and the people of Puerto Rico. Stay safe! #PRStrong"|11077|55506
realDonaldTrump|Thu Sep 21 01:06:25 +0000 2017|Senator (Doctor) Bill Cassidy is a class act who really cares about people and their Health(care), he doesn't lie-just wants to help people!|10608|54272
realDonaldTrump|Thu Sep 21 00:42:17 +0000 2017|The NRA strongly endorses Luther Strange for Senator of Alabama.That means all gun owners should vote for Big Luther. He won't let you down!|9513|51534
realDonaldTrump|Wed Sep 20 23:07:55 +0000 2017|I would not sign Graham-Cassidy if it did not include coverage of pre-existing conditions. It does! A great Bill. Repeal &amp; Replace.|16793|71705
realDonaldTrump|Wed Sep 20 22:42:35 +0000 2017|"Alabama is sooo lucky to have a candidate like \"Big\" Luther Strange. Smart, tough on crime, borders &amp; trade, loves Vets &amp; Military. Tuesday!"|6946|41869
realDonaldTrump|Wed Sep 20 22:29:44 +0000 2017|On behalf of all Americans, I want to wish Jewish families many blessings in the New Year. https://t.co/m4VWxYvONx https://t.co/iYG1G8GaLN|11166|49421
realDonaldTrump|Wed Sep 20 19:05:18 +0000 2017|Honored to host a luncheon for African leaders this afternoon. Great discussions on the challenges &amp; opportunities facing our nations today. https://t.co/AbnBJtKCAI|8883|41496
realDonaldTrump|Wed Sep 20 17:08:53 +0000 2017|Honored to meet w/ Pres Abbas from the Palestinian Authority &amp; his delegation, who have been working hard w/everybody involved toward peace. https://t.co/4E8awDkX93|6477|33100
realDonaldTrump|Wed Sep 20 15:23:46 +0000 2017|It was a great honor to be with King Abdullah II of Jordan and his delegation this morning. We had a GREAT bilateral meeting!???? https://t.co/6tYDHswKa3|8033|41346
realDonaldTrump|Wed Sep 20 12:29:01 +0000 2017|"Looking forward to Friday night in the Great State of Alabama. I am supporting \"Big\" Luther Strange because he was so loyal &amp; helpful to me!"|7481|45595
realDonaldTrump|Wed Sep 20 12:16:22 +0000 2017|I hope Republican Senators will vote for Graham-Cassidy and fulfill their promise to Repeal &amp; Replace ObamaCare. Money direct to States!|12057|56857
realDonaldTrump|Wed Sep 20 12:09:54 +0000 2017|Rand Paul is a friend of mine but he is such a negative force when it comes to fixing healthcare. Graham-Cassidy Bill is GREAT! Ends Ocare!|9401|46888
realDonaldTrump|Wed Sep 20 11:00:34 +0000 2017|Thank you  @foxandfriends - great show!|5451|37414
realDonaldTrump|Wed Sep 20 10:44:06 +0000 2017|The world is noticing, thanks! https://t.co/2NL6SlWnmH|11543|55852
realDonaldTrump|Wed Sep 20 10:40:31 +0000 2017|After allowing North Korea to research and build Nukes while Secretary of State (Bill C also), Crooked Hillary now criticizes.|20314|78886
realDonaldTrump|Wed Sep 20 10:14:30 +0000 2017|Big meetings today at the United Nations. So many interesting leaders. America First will MAKE AMERICA GREAT AGAIN!|9855|54004
realDonaldTrump|Wed Sep 20 02:41:13 +0000 2017|"I was saddened to see how bad the ratings were on the Emmys last night - the worst ever. Smartest people of them all are the \"DEPLORABLES.\""|24076|110124
realDonaldTrump|Wed Sep 20 02:33:32 +0000 2017|So nice, thank you! https://t.co/Cg4dzHhbrv|8253|48643
realDonaldTrump|Wed Sep 20 02:31:19 +0000 2017|A great and important day at the United Nations.Met with leaders of many nations who agree with much (or all) of what I stated in my speech!|12669|67126
realDonaldTrump|Wed Sep 20 02:23:52 +0000 2017|Puerto Rico being hit hard by new monster Hurricane. Be careful, our hearts are with you- will be there to help!|17604|82826
realDonaldTrump|Wed Sep 20 01:19:00 +0000 2017|"The true question for the @UN...
?https://t.co/tx5SnACAaS"|6287|28980
realDonaldTrump|Tue Sep 19 22:04:11 +0000 2017|"It was a great honor to have spoken before the countries of the world at the United Nations.
#USAatUNGA??#UNGA
https://t.co/1maJwRGa3d https://t.co/6Hu3AeUp58"|10834|56203
realDonaldTrump|Tue Sep 19 20:05:32 +0000 2017|God bless the people of Mexico City. We are with you and will be there for you.|50167|182297
realDonaldTrump|Tue Sep 19 19:09:35 +0000 2017|"As President of the United States of America, I will ALWAYS put #AmericaFirst??#UNGA
Full remarks: https://t.co/ksaMsQ2Lhm https://t.co/XrtpAWwuCn"|16036|64614
realDonaldTrump|Tue Sep 19 17:22:27 +0000 2017|The??has great strength &amp; patience, but if it is forced to defend itself or its allies, we will have no choice but to totally destroy #NoKo. https://t.co/P4vAanXvgm|22010|78874
realDonaldTrump|Tue Sep 19 11:21:30 +0000 2017|Big day at the United Nations - many good things, and some tricky ones, happening. We have a great team. Big speech at 10:00 A.M.|13058|76612
realDonaldTrump|Tue Sep 19 04:47:03 +0000 2017|#USAatUNGA?? #UNGA https://t.co/MjIJ7HG3eU|7595|35721
realDonaldTrump|Tue Sep 19 04:18:41 +0000 2017|We call for the full restoration of democracy and political freedoms in Venezuela, and we want it to happen very, very soon! https://t.co/bMJDOtAesl|18135|57888
realDonaldTrump|Tue Sep 19 03:01:25 +0000 2017|It was a great honor to be with President @EmmanuelMacron of France this afternoon with his delegation. Great bilateral meeting! #UNGA https://t.co/HnxDDU5d5F|7133|37133
realDonaldTrump|Mon Sep 18 23:31:07 +0000 2017|Such an honor to have my good friend, Israel PM @Netanyahu, join us w/ his delegation in NYC this afternoon. #UNGA https://t.co/YEHWjdtQx8 https://t.co/jwU4e8Yk8A|11108|48892
realDonaldTrump|Mon Sep 18 16:57:27 +0000 2017|Looking forward to meeting with Prime Minister @Netanyahu shortly. Peace in the Middle East would be a truly great legacy for ALL people!|12604|70457
realDonaldTrump|Mon Sep 18 16:36:09 +0000 2017|We commend SG @AntonioGuterres &amp; his call for the UN to focus more on people &amp; less on bureaucracy. #USAatUNGA #UNGA https://t.co/KVvCMznmcN https://t.co/UQn6RrC9Xw|8288|35933
realDonaldTrump|Mon Sep 18 13:16:17 +0000 2017|Happy 70th Birthday @CIA! https://t.co/CU3gOZMf7J|9007|48722
realDonaldTrump|Mon Sep 18 13:14:46 +0000 2017|Happy 70th Birthday @USAirForce! https://t.co/snkXO40vXM|11720|59895
realDonaldTrump|Sun Sep 17 13:00:05 +0000 2017|Important meetings and calls scheduled for today. Military and economy are getting stronger by the day, and our enemies know it. #MAGA|12886|64659
realDonaldTrump|Sun Sep 17 12:28:08 +0000 2017|My great honor! https://t.co/x25T9tQAnI|13792|65993
realDonaldTrump|Sun Sep 17 11:57:20 +0000 2017|Thank you! https://t.co/vs4MNwXtei|5759|35041
realDonaldTrump|Sun Sep 17 11:53:35 +0000 2017|I spoke with President Moon of South Korea last night. Asked him how Rocket Man is doing. Long gas lines forming in North Korea. Too bad!|40110|139444
realDonaldTrump|Sun Sep 17 11:40:16 +0000 2017|Attorney General Bill Schuette will be a fantastic Governor for the great State of Michigan. I am bringing back your jobs and Bill will help|8919|49563
realDonaldTrump|Sat Sep 16 23:04:03 +0000 2017|"I will be in Huntsville, Alabama, on Saturday night to support Luther Strange for Senate. \"Big Luther\" is a great guy who gets things done!"|9253|53017
realDonaldTrump|Sat Sep 16 22:40:23 +0000 2017|A great deal of good things happening for our country. Jobs and Stock Market at all time highs, and I believe will be getting even better!|15185|79254
realDonaldTrump|Fri Sep 15 23:54:00 +0000 2017|HAPPY 70th BIRTHDAY to the @USAirForce! The American people are eternally grateful. Thank you for keeping America PROUD, STRONG and FREE! https://t.co/DYxkh3gj0R|20308|86478
realDonaldTrump|Fri Sep 15 22:58:30 +0000 2017|We will defend our people, our nations and our civilization from all who dare to threaten our way of life...cont: https://t.co/SYBRshx89b https://t.co/sIiAuxL3OE|13905|54416
realDonaldTrump|Fri Sep 15 20:54:52 +0000 2017|Our hearts &amp; prayers go out to the people of London, who suffered a vicious terrorist attack.... https://t.co/Q2hTBV2l5t|13717|63108
realDonaldTrump|Fri Sep 15 19:02:43 +0000 2017|"NEVER forget our HEROES held prisoner or who have gone missing in action while serving their country.
Proclamation: https://t.co/4xBZGjAGj5 https://t.co/yZTr7rlpTV"|12253|49819
realDonaldTrump|Fri Sep 15 16:49:31 +0000 2017|"Frank ?FX? Giaccio-
On behalf of @FLOTUS Melania &amp; myself, THANK YOU for doing a GREAT job this morning! @NatlParkService gives you an A+! https://t.co/135DxuapUI"|31198|111798
realDonaldTrump|Fri Sep 15 16:09:10 +0000 2017|WEEKLY ADDRESS?? https://t.co/MsaLA9POAt|10029|40260
realDonaldTrump|Fri Sep 15 13:00:48 +0000 2017|CHAIN MIGRATION cannot be allowed to be part of any legislation on Immigration!|17937|72495
realDonaldTrump|Fri Sep 15 11:20:08 +0000 2017|ESPN is paying a really big price for its politics (and bad programming). People are dumping it in RECORD numbers. Apologize for untruth!|25792|105256
realDonaldTrump|Fri Sep 15 11:00:01 +0000 2017|We have made more progress in the last nine months against ISIS than the Obama Administration has made in 8 years.Must be proactive &amp; nasty!|19989|95916
realDonaldTrump|Fri Sep 15 10:54:14 +0000 2017|The travel ban into the United States should be far larger, tougher and more specific-but stupidly, that would not be politically correct!|22497|100398
realDonaldTrump|Fri Sep 15 10:48:18 +0000 2017|Loser terrorists must be dealt with in a much tougher manner.The internet is their main recruitment tool which we must cut off &amp; use better!|19544|92315
realDonaldTrump|Fri Sep 15 10:42:55 +0000 2017|Another attack in London by a loser terrorist.These are sick and demented people who were in the sights of Scotland Yard. Must be proactive!|26675|103454
realDonaldTrump|Fri Sep 15 10:37:38 +0000 2017|With the ridiculous Filibuster Rule in the Senate, Republicans need 60 votes to pass legislation, rather than 51. Can't get votes, END NOW!|11652|50801
realDonaldTrump|Fri Sep 15 00:55:05 +0000 2017|"FLORIDA-
Just like TX, WE are w/you today, we are w/you tomorrow, &amp; we will be w/you EVERY SINGLE DAY AFTER, to RESTORE, RECOVER, &amp; REBUILD! https://t.co/phRMudujxJ"|11496|55541
realDonaldTrump|Thu Sep 14 21:11:18 +0000 2017|"WE ARE WITH YOU FLORIDA!

Emergency Information 
1-800-342-3557
https://t.co/zbWkR5VmDp

Volunteer 
1-800-FL-HELP-1
https://t.co/ghkbVajBN0 https://t.co/2Jj85weO1U"|12878|51242
realDonaldTrump|Thu Sep 14 19:32:23 +0000 2017|...I told Republicans to approve healthcare fast or this would happen. But don't worry, I will veto because I love our country &amp; its people.|12286|61564
realDonaldTrump|Thu Sep 14 19:31:55 +0000 2017|Bernie Sanders is pushing hard for a single payer healthcare plan - a curse on the U.S. &amp; its people...|16099|69250
realDonaldTrump|Thu Sep 14 19:18:14 +0000 2017|Spoke to President of Mexico to give condolences on terrible earthquake. Unable to reach for 3 days b/c of his cell phone reception at site.|10603|56286
realDonaldTrump|Thu Sep 14 19:04:22 +0000 2017|Just left Florida for D.C. The people and spirit in THAT GREAT STATE is unbelievable. Damage horrific but will be better than ever!|9476|57708
realDonaldTrump|Thu Sep 14 11:05:55 +0000 2017|Am leaving now for Florida to see our GREAT first responders and to thank the U.S. Coast Guard, FEMA etc. A real disaster, much work to do!|9987|64060
realDonaldTrump|Thu Sep 14 10:35:41 +0000 2017|...They have been in our country for many years through no fault of their own - brought in by parents at young age. Plus BIG border security|10190|50958
realDonaldTrump|Thu Sep 14 10:28:41 +0000 2017|Does anybody really want to throw out good, educated and accomplished young people who have jobs, some serving in the military? Really!.....|17275|79238
realDonaldTrump|Thu Sep 14 10:20:58 +0000 2017|The WALL, which is already under construction in the form of new renovation of old and existing fences and walls, will continue to be built.|22271|99957
realDonaldTrump|Thu Sep 14 10:11:36 +0000 2017|No deal was made last night on DACA. Massive border security would have to be agreed to in exchange for consent. Would be subject to vote.|16058|61052
realDonaldTrump|Thu Sep 14 02:52:34 +0000 2017|"The \"deplorables\" came back to haunt Hillary.They expressed their feelings loud and clear. She spent big money but, in the end, had no game!"|19674|89373
realDonaldTrump|Thu Sep 14 02:47:23 +0000 2017|Crooked Hillary Clinton blames everybody (and every thing) but herself for her election loss. She lost the debates and lost her direction!|23966|107736
realDonaldTrump|Thu Sep 14 02:22:57 +0000 2017|China has a business tax rate of 15%. We should do everything possible to match them in order to win with our economy. Jobs and wages!|16553|72566
realDonaldTrump|Wed Sep 13 12:36:52 +0000 2017|With Irma and Harvey devastation, Tax Cuts and Tax Reform is needed more than ever before. Go Congress, go!|18729|89169
realDonaldTrump|Wed Sep 13 11:34:16 +0000 2017|I will be traveling to Florida tomorrow to meet with our great Coast Guard, FEMA and many of the brave first responders &amp; others.|13763|83297
realDonaldTrump|Wed Sep 13 11:28:10 +0000 2017|The approval process for the biggest Tax Cut &amp; Tax Reform package in the history of our country will soon begin. Move fast Congress!|16626|76807
realDonaldTrump|Tue Sep 12 20:12:48 +0000 2017|It was a great honor to welcome Prime Minister Najib Abdul Razak of Malaysia and his distinguished delegation to the @WhiteHouse today! https://t.co/3pWrBOh8dG|12979|49771
realDonaldTrump|Tue Sep 12 18:41:50 +0000 2017|"Congratulations to Eric &amp; Lara on the birth of their son, Eric \"Luke\" Trump this morning! https://t.co/Aw0AV82XdE"|15683|106094
realDonaldTrump|Tue Sep 12 13:11:19 +0000 2017|The devastation left by Hurricane Irma was far greater, at least in certain locations,than anyone thought - but amazing people working hard!|13704|81129
realDonaldTrump|Tue Sep 12 12:56:47 +0000 2017|Fascinating to watch people writing books and major articles about me and yet they know nothing about me &amp; have zero access. #FAKE NEWS!|22292|101444
realDonaldTrump|Mon Sep 11 18:35:59 +0000 2017|May God Forever Bless the United States of America. #NeverForget911 https://t.co/erycJgj23r|34167|127756
realDonaldTrump|Mon Sep 11 18:02:09 +0000 2017|#NeverForget https://t.co/rmQ1a5bDon|17934|78228
realDonaldTrump|Sun Sep 10 02:56:37 +0000 2017|The U.S. Coast Guard, FEMA and all Federal and State brave people are ready. Here comes Irma. God bless everyone!|23274|120463
realDonaldTrump|Sun Sep 10 00:03:48 +0000 2017|"Heed the advice of @FLGovScott!

\"If you're in an evacuation zone, you need to get to a shelter...there's not many hours left.\" Gov. Scott https://t.co/92W8ViNMUK"|10560|42669
realDonaldTrump|Sat Sep 09 21:44:16 +0000 2017|This is a storm of enormous destructive power, and I ask everyone in the storm?s path to heed ALL instructions from government officials. https://t.co/nJfM2Sdme1|14045|61614
realDonaldTrump|Sat Sep 09 15:41:55 +0000 2017|"FLORIDA- 
Visit https://t.co/pdBaD9t8SK to find shelters, road closures, &amp; evacuation routes. Helpful Twitter list: https://t.co/BUMVlxGFe8 https://t.co/ncnuqCeB5K"|15232|46891
realDonaldTrump|Sat Sep 09 00:56:47 +0000 2017|Churches in Texas should be entitled to reimbursement from FEMA Relief Funds for helping victims of Hurricane Harvey (just like others).|26720|120899
realDonaldTrump|Fri Sep 08 15:02:22 +0000 2017|"A message to my fellow Americans??#IrmaHurricane2017
?https://t.co/jyg6AlyAAb
?https://t.co/iPujtHzejr https://t.co/HCQ9kmKc4E"|19561|64704
realDonaldTrump|Fri Sep 08 12:57:11 +0000 2017|Republicans must start the Tax Reform/Tax Cut legislation ASAP. Don't wait until the end of September. Needed now more than ever. Hurry!|19177|75303
realDonaldTrump|Fri Sep 08 12:46:35 +0000 2017|...never allow the Republicans to pass even great legislation. 8 Dems control - will rarely get 60 (vs. 51) votes. It is a Repub Death Wish!|13709|59948
realDonaldTrump|Fri Sep 08 12:41:32 +0000 2017|Republicans, sorry, but I've been hearing about Repeal &amp; Replace for 7 years, didn't happen! Even worse, the Senate Filibuster Rule will....|16222|66772
realDonaldTrump|Fri Sep 08 12:37:14 +0000 2017|Our incredible U.S. Coast Guard saved more than 15,000 lives last week with Harvey. Irma could be even tougher. We love our Coast Guard!|19193|96228
realDonaldTrump|Fri Sep 08 12:34:13 +0000 2017|Hurricane Irma is of epic proportion, perhaps bigger than we have ever seen. Be safe and get out of its way,if possible. Federal G is ready!|13187|60428
realDonaldTrump|Fri Sep 08 01:33:38 +0000 2017|We will confront ANY challenge, no matter how strong the winds or high the water. I?m proud to stand with Presidents for #OneAmericaAppeal.|14625|76072
realDonaldTrump|Fri Sep 08 00:57:52 +0000 2017|I encourage EVERYONE in the path of #HurricaneIrma to heed the advice and orders of local &amp; state officials! https://t.co/AQmawTpZs0|18025|64325
realDonaldTrump|Thu Sep 07 20:18:42 +0000 2017|During my trip to Saudi Arabia, I spoke to the leaders of more than 50 Arab &amp; Muslim nations about the need to confront our shared enemies.. https://t.co/8oeAQfIeX8|9422|40042
realDonaldTrump|Thu Sep 07 19:48:47 +0000 2017|Together, we will show the world that the forces of destruction and extremism are NO MATCH for the BLESSINGS of PROSPERITY and PEACE! https://t.co/aL6In83eWK|12939|53091
realDonaldTrump|Thu Sep 07 18:13:30 +0000 2017|Welcome to the @WhiteHouse, Amir Sabah al-Ahmed al-Jaber al-Sabah of Kuwait! Joint press conference coming up soon: https://t.co/8T4Nyzlp4Y https://t.co/lfRa4AATaM|7164|29897
realDonaldTrump|Thu Sep 07 13:42:52 +0000 2017|For all of those (DACA) that are concerned about your status during the 6 month period, you have nothing to worry about - No action!|18873|74871
realDonaldTrump|Thu Sep 07 12:51:12 +0000 2017|Thank you, our great honor! https://t.co/StrciEwuWs|11639|44553
realDonaldTrump|Thu Sep 07 12:33:12 +0000 2017|Hurricane Irma is raging but we have great teams of talented and brave people already in place and ready to help. Be careful, be safe! #FEMA|15447|77918
realDonaldTrump|Thu Sep 07 01:26:48 +0000 2017|We want our companies to hire &amp; grow in AMERICA, to raise wages for AMERICAN workers, &amp; to help rebuild our AMERICAN cities &amp; towns! #USA?? https://t.co/sglubjcbW4|14148|57418
realDonaldTrump|Thu Sep 07 00:18:49 +0000 2017|If we want to renew our PROSPERITY, restore OPPORTUNITY, &amp; re-establish our economic DOMINANCE, then we need tax reform that is pro-growth.. https://t.co/9NzLg2Qzpo|16109|66372
realDonaldTrump|Thu Sep 07 00:04:12 +0000 2017|Thank you for joining me in Mandan, ND Gov. @DougBurgum, Lt. Gov. @BrentSanfordND, @SenJohnHoeven, @RepKevinCramer &amp; @SenatorHeitkamp. https://t.co/8nIvtHvpu6|6108|31779
realDonaldTrump|Wed Sep 06 23:20:48 +0000 2017|"Wonderful to be in North Dakota with the incredible hardworking men &amp; women @ the Andeavor Refinery. 
Full remarks: ?https://t.co/uxBpyeERUm https://t.co/fV9R9gJxDS"|8396|40718
realDonaldTrump|Wed Sep 06 19:26:09 +0000 2017|Just spoke w/ Governors Rick Scott of Florida, Kenneth Mapp of the U.S. Virgin Islands &amp; Ricardo Rossell? of Puerto Rico. WE ARE W/ YOU ALL! https://t.co/k92cslgKFa|16944|68838
realDonaldTrump|Wed Sep 06 17:52:30 +0000 2017|"'President Donald J. Trump Approves Emergency Declarations'

??https://t.co/xSHSyNkvuP
??https://t.co/UbBSFOhMM7
??https://t.co/xWOfp9Z9iR https://t.co/qoJOM54Gy8"|13669|47927
realDonaldTrump|Wed Sep 06 10:53:45 +0000 2017|Hurricane looks like largest ever recorded in the Atlantic!|12226|56660
realDonaldTrump|Wed Sep 06 10:51:52 +0000 2017|Watching Hurricane closely. My team, which has done, and is doing, such a good job in Texas, is already in Florida. No rest for the weary!|20181|104511
realDonaldTrump|Wed Sep 06 10:47:01 +0000 2017|Will be going to North Dakota today to discuss tax reform and tax cuts. We are the highest taxed nation in the world - that will change.|16359|85389
realDonaldTrump|Wed Sep 06 00:38:27 +0000 2017|Congress now has 6 months to legalize DACA (something the Obama Administration was unable to do). If they can't, I will revisit this issue!|22484|87620
realDonaldTrump|Tue Sep 05 20:45:27 +0000 2017|I look forward to working w/ D's + R's in Congress to address immigration reform in a way that puts hardworking citizens of our country 1st.|22529|98351
